"","DateTime","GreenAlgae_ugL","Bluegreens_ugL","Browns_ugL","Mixed_ugL","YellowSubstances_ugL","TotalConc_ugL","Transmission_perc","Depth_m","Date","DOY"
"1",2016-08-03 13:00:00,5.41,0.94,4.43,2.47,0,13.25,97.54,0.3,2016-08-03,216
"2",2016-08-03 13:00:00,5.41,0.94,4.43,2.47,0,13.25,97.54,0.3,2016-08-03,216
"3",2016-08-03 13:00:00,6.25,0.86,4.76,2.85,0,14.71,100,0.7,2016-08-03,216
"4",2016-08-03 13:00:00,5.55,0.9,5.61,2.57,0,14.63,100,1,2016-08-03,216
"5",2016-08-03 13:00:00,6.18,0.84,5.18,2.73,0,14.94,100,1.2,2016-08-03,216
"6",2016-08-03 13:00:00,6.42,0.78,4.77,2.61,0,14.59,100,1.6,2016-08-03,216
"7",2016-08-03 13:00:00,6.14,0.94,5.06,2.56,0,14.71,100,1.9,2016-08-03,216
"8",2016-08-03 13:00:00,5.9,0.87,5.13,2.64,0,14.54,100,2.2,2016-08-03,216
"9",2016-08-03 13:00:00,5.73,0.98,5.39,2.44,0,14.54,100,2.5,2016-08-03,216
"10",2016-08-03 13:00:00,5.67,0.9,5.03,2.42,0,14.02,100,2.8,2016-08-03,216
"11",2016-08-03 13:00:00,6.39,1.61,9.07,3.02,0,20.09,100,3.1,2016-08-03,216
"12",2016-08-03 13:00:00,5.8,1.9,9.24,2.66,0,19.59,100,3.4,2016-08-03,216
"13",2016-08-03 13:00:00,5.48,1.71,6.69,1.5,0.01,15.37,100,3.7,2016-08-03,216
"14",2016-08-03 13:00:00,4.56,1.3,4.94,1.03,0.28,11.83,100,4,2016-08-03,216
"15",2016-08-03 13:00:00,3.15,0.86,2.19,0.68,0.54,6.87,100,4.3,2016-08-03,216
"16",2016-08-03 13:00:00,2.96,0.67,0.99,0.32,0.49,4.94,100,4.6,2016-08-03,216
"17",2016-08-03 13:00:00,4.86,0.96,1.09,1.91,0.31,8.82,100,4.9,2016-08-03,216
"18",2016-08-03 13:00:00,4.33,1.19,1.16,4.61,0.21,11.29,100,5.2,2016-08-03,216
"19",2016-08-03 13:00:00,4.41,1.68,1.71,9.31,0.08,17.11,100,5.4,2016-08-03,216
"20",2016-08-03 13:00:00,3.7,2.36,1.79,11.52,0.05,19.37,100,5.8,2016-08-03,216
"21",2016-08-03 13:00:00,1.94,15.24,0,12.83,0.11,30.01,100,6.1,2016-08-03,216
"22",2016-08-03 13:00:00,0,48.48,0,15.35,0,63.83,97.91,6.4,2016-08-03,216
"23",2016-08-03 13:00:00,0,47.41,0,19.29,0,66.7,96.7,6.7,2016-08-03,216
"24",2016-08-03 13:00:00,0,37.88,0,16.58,0.81,54.46,98.54,7,2016-08-03,216
"25",2016-08-03 13:00:00,2.83,26.57,0,9.98,1.1,39.38,100,7.4,2016-08-03,216
"26",2016-08-03 13:00:00,2.47,28.25,0,9.5,1.07,40.22,100,7.6,2016-08-03,216
"27",2016-08-03 13:00:00,1.75,30.2,0,8.49,1.24,40.45,100,7.9,2016-08-03,216
"28",2016-08-03 13:00:00,1.07,32.07,0,8.42,1.18,41.57,100,8.2,2016-08-03,216
"29",2016-08-03 13:00:00,0.13,35.47,0,8.43,1.2,44.02,100,8.5,2016-08-03,216
"30",2016-08-03 13:00:00,0,37.6,0,8.92,1.1,46.52,100,8.8,2016-08-03,216
"31",2016-08-03 13:00:00,0,40.52,0,9.14,0.82,49.66,99.85,9.1,2016-08-03,216
"32",2016-08-03 13:00:00,0,44.3,0,8.73,0.83,53.03,99,9.4,2016-08-03,216
"33",2016-08-03 13:00:00,0,42.92,0,8.07,0.78,50.99,99.46,9.7,2016-08-03,216
"34",2016-08-03 13:00:00,0,45.88,0,8.41,0.71,54.29,98.42,9.9,2016-08-03,216
"35",2016-08-03 13:00:00,0,50.82,0,9.32,0.6,60.14,97.41,10.3,2016-08-03,216
"36",2016-08-03 21:00:00,5.72,1.45,4.07,2.06,0,13.3,100,0.3,2016-08-03,216
"37",2016-08-03 21:00:00,5.68,1.33,3.97,2.1,0,13.07,100,0.4,2016-08-03,216
"38",2016-08-03 21:00:00,5.58,1.28,4.13,2.14,0,13.14,100,0.7,2016-08-03,216
"39",2016-08-03 21:00:00,5.68,1.46,4.06,2.08,0,13.27,100,1,2016-08-03,216
"40",2016-08-03 21:00:00,5.78,1.37,4.23,1.92,0,13.3,100,1.3,2016-08-03,216
"41",2016-08-03 21:00:00,5.7,1.16,4.08,2.27,0,13.2,100,1.6,2016-08-03,216
"42",2016-08-03 21:00:00,5.99,1.31,4.57,2.14,0,14,100,1.9,2016-08-03,216
"43",2016-08-03 21:00:00,5.79,1.42,4.25,1.95,0,13.41,100,2.1,2016-08-03,216
"44",2016-08-03 21:00:00,5.87,1.26,4.32,2.13,0,13.59,100,2.6,2016-08-03,216
"45",2016-08-03 21:00:00,5.98,1.4,4.29,2.05,0,13.72,100,2.8,2016-08-03,216
"46",2016-08-03 21:00:00,5.77,1.39,4.64,2.09,0,13.9,100,3.1,2016-08-03,216
"47",2016-08-03 21:00:00,6.26,1.2,4.27,2.43,0,14.16,100,3.4,2016-08-03,216
"48",2016-08-03 21:00:00,6.1,1.5,4.76,2.2,0,14.56,100,3.7,2016-08-03,216
"49",2016-08-03 21:00:00,5.42,1.4,4.54,1.3,0,12.65,100,4,2016-08-03,216
"50",2016-08-03 21:00:00,3.47,0.93,2.86,1.02,0.29,8.29,100,4.3,2016-08-03,216
"51",2016-08-03 21:00:00,3.2,1.58,2.76,1.04,0.31,8.57,100,4.6,2016-08-03,216
"52",2016-08-03 21:00:00,4.23,2.48,1.84,2.34,0.31,10.89,100,4.9,2016-08-03,216
"53",2016-08-03 21:00:00,6.62,2.85,1.2,5.2,0.22,15.87,100,5.2,2016-08-03,216
"54",2016-08-03 21:00:00,6.78,4.04,0.91,5.97,0.19,17.7,100,5.5,2016-08-03,216
"55",2016-08-03 21:00:00,3.77,7.13,0,8.35,0.25,19.25,100,5.8,2016-08-03,216
"56",2016-08-03 21:00:00,2.08,18.6,0,10.55,0.23,31.23,100,6.2,2016-08-03,216
"57",2016-08-03 21:00:00,0.64,35.99,0,17.04,0.5,53.67,99.28,6.4,2016-08-03,216
"58",2016-08-03 21:00:00,4.97,32.18,0,18.53,0.57,55.67,98.24,6.7,2016-08-03,216
"59",2016-08-03 21:00:00,6.69,30.75,0,24.46,0.76,61.91,99.41,7,2016-08-03,216
"60",2016-08-03 21:00:00,6.97,30.16,0,23.42,0.83,60.54,99.55,7.3,2016-08-03,216
"61",2016-08-03 21:00:00,5.31,31.78,0,23.32,0.95,60.41,100,7.6,2016-08-03,216
"62",2016-08-03 21:00:00,4.55,31.33,0,20.47,0.93,56.35,100,7.9,2016-08-03,216
"63",2016-08-03 21:00:00,2.36,31.01,0,17.35,1.08,50.72,100,8.1,2016-08-03,216
"64",2016-08-03 21:00:00,0,36.25,0,12.08,1.13,48.33,100,8.6,2016-08-03,216
"65",2016-08-03 21:00:00,0,38.46,0,11.58,1.14,50.04,100,8.9,2016-08-03,216
"66",2016-08-03 21:00:00,0,38.36,0,11.48,1.11,49.84,99.55,9.1,2016-08-03,216
"67",2016-08-03 21:00:00,0,41.7,0,9.67,0.98,51.37,99.61,9.3,2016-08-03,216
"68",2016-08-03 21:00:00,0,42.02,0,8.87,0.74,50.9,98.54,9.7,2016-08-03,216
"69",2016-08-03 21:00:00,0,41.93,0,8.55,0.63,50.48,98.73,10,2016-08-03,216
"70",2016-08-03 21:00:00,0,51.63,0,9.24,0.64,60.87,96.67,10.3,2016-08-03,216
"71",2016-08-04 01:00:00,4.1,1.42,4.43,1.37,0,11.32,88.92,0.2,2016-08-04,217
"72",2016-08-04 01:00:00,5.14,1.44,5.81,2.06,0,14.45,100,0.5,2016-08-04,217
"73",2016-08-04 01:00:00,5.14,1.44,5.81,2.06,0,14.45,100,0.5,2016-08-04,217
"74",2016-08-04 01:00:00,5.17,1.52,5.96,1.94,0,14.6,100,0.9,2016-08-04,217
"75",2016-08-04 01:00:00,5.42,1.48,6.35,2.09,0,15.34,100,1.4,2016-08-04,217
"76",2016-08-04 01:00:00,5.54,1.49,6.1,2.13,0,15.26,100,1.6,2016-08-04,217
"77",2016-08-04 01:00:00,5.31,1.44,6.29,2.19,0,15.23,100,2,2016-08-04,217
"78",2016-08-04 01:00:00,5.31,1.5,6.45,2.14,0,15.4,100,2.2,2016-08-04,217
"79",2016-08-04 01:00:00,5.11,1.45,6.78,2.25,0,15.59,100,2.5,2016-08-04,217
"80",2016-08-04 01:00:00,5.28,1.47,6.02,2.41,0,15.18,100,2.9,2016-08-04,217
"81",2016-08-04 01:00:00,5.29,1.52,6.4,2.06,0,15.27,100,3.1,2016-08-04,217
"82",2016-08-04 01:00:00,5.15,1.38,6.59,2.2,0,15.32,100,3.3,2016-08-04,217
"83",2016-08-04 01:00:00,4.47,1.13,10.16,2.6,0,18.36,100,3.7,2016-08-04,217
"84",2016-08-04 01:00:00,4.46,0.86,9.04,2.03,0,16.39,100,3.9,2016-08-04,217
"85",2016-08-04 01:00:00,3.19,0.78,6.47,1.06,0.21,11.49,100,4.3,2016-08-04,217
"86",2016-08-04 01:00:00,3.29,0.76,5.1,1.05,0.25,10.19,100,4.7,2016-08-04,217
"87",2016-08-04 01:00:00,3.91,0.9,4.25,1.51,0.27,10.57,100,4.9,2016-08-04,217
"88",2016-08-04 01:00:00,5.8,1.92,1.73,3.2,0.34,12.65,100,5.3,2016-08-04,217
"89",2016-08-04 01:00:00,5.94,1.92,1.6,4.47,0.34,13.93,100,5.4,2016-08-04,217
"90",2016-08-04 01:00:00,3.37,13.64,0,10.41,0.36,27.42,100,5.9,2016-08-04,217
"91",2016-08-04 01:00:00,2.34,21.65,0,10.27,0.35,34.26,100,6.1,2016-08-04,217
"92",2016-08-04 01:00:00,0,48.08,0,14.65,0.26,62.73,97.07,6.5,2016-08-04,217
"93",2016-08-04 01:00:00,0,53.99,0,17.84,0.5,71.82,95.12,6.6,2016-08-04,217
"94",2016-08-04 01:00:00,8.32,40.6,0,25.57,1.2,74.49,96.46,7,2016-08-04,217
"95",2016-08-04 01:00:00,9.31,33.32,0,25.84,1.21,68.47,96.98,7.3,2016-08-04,217
"96",2016-08-04 01:00:00,7.46,31.37,0,22.67,1.26,61.49,98.69,7.5,2016-08-04,217
"97",2016-08-04 01:00:00,4.75,31.8,0,14.4,1.23,50.95,100,7.9,2016-08-04,217
"98",2016-08-04 01:00:00,2.31,32.06,0,11.61,1.25,45.98,100,8.1,2016-08-04,217
"99",2016-08-04 01:00:00,0,36.8,0,10.64,1.24,47.44,100,8.6,2016-08-04,217
"100",2016-08-04 01:00:00,0,35.96,0,10.2,1.2,46.17,100,8.8,2016-08-04,217
"101",2016-08-04 01:00:00,0,38.44,0,9.07,1.04,47.51,100,9.2,2016-08-04,217
"102",2016-08-04 01:00:00,0,41.56,0,8.55,0.97,50.11,99.57,9.4,2016-08-04,217
"103",2016-08-04 01:00:00,0,42.11,0,8.49,0.82,50.6,99.12,9.6,2016-08-04,217
"104",2016-08-04 01:00:00,0,46.47,0,8.05,0.86,54.51,98.36,10,2016-08-04,217
"105",2016-08-04 01:00:00,0,50.57,0,8.47,0.76,59.04,97.27,10.3,2016-08-04,217
"106",2016-08-04 02:00:00,2.43,1.11,1.74,0.76,0,6.04,80.37,0.1,2016-08-04,217
"107",2016-08-04 02:00:00,5.22,1.39,4.78,1.95,0,13.34,100,0.5,2016-08-04,217
"108",2016-08-04 02:00:00,5.6,1.43,5.06,1.86,0,13.96,100,0.6,2016-08-04,217
"109",2016-08-04 02:00:00,5.68,1.49,4.94,2,0,14.1,100,1.1,2016-08-04,217
"110",2016-08-04 02:00:00,5.41,1.39,4.89,2.03,0,13.72,100,1.5,2016-08-04,217
"111",2016-08-04 02:00:00,5.35,1.38,5.01,1.95,0,13.69,100,1.7,2016-08-04,217
"112",2016-08-04 02:00:00,5.5,1.46,5.04,1.92,0,13.91,100,1.9,2016-08-04,217
"113",2016-08-04 02:00:00,5.61,1.38,5.05,2.13,0,14.16,100,2.3,2016-08-04,217
"114",2016-08-04 02:00:00,5.49,1.32,4.89,2.08,0,13.78,100,2.5,2016-08-04,217
"115",2016-08-04 02:00:00,5.49,1.29,4.88,2.16,0,13.82,100,2.8,2016-08-04,217
"116",2016-08-04 02:00:00,5.56,1.42,5.19,2.16,0,14.33,100,3,2016-08-04,217
"117",2016-08-04 02:00:00,4.71,1.35,8.42,2.49,0,16.97,100,3.4,2016-08-04,217
"118",2016-08-04 02:00:00,3.61,1.25,11.14,2.37,0,18.36,100,3.8,2016-08-04,217
"119",2016-08-04 02:00:00,3.85,1.28,11.58,1.87,0,18.59,100,4,2016-08-04,217
"120",2016-08-04 02:00:00,3.58,0.97,10.21,1.62,0,16.38,100,4.2,2016-08-04,217
"121",2016-08-04 02:00:00,2.71,0.83,5.63,1.05,0.3,10.22,100,4.6,2016-08-04,217
"122",2016-08-04 02:00:00,3.63,1.46,3.67,2.25,0.33,11.01,100,5,2016-08-04,217
"123",2016-08-04 02:00:00,4.47,2.09,3.25,3.69,0.35,13.51,100,5.2,2016-08-04,217
"124",2016-08-04 02:00:00,5.87,4.14,1.38,6.46,0.4,17.84,100,5.4,2016-08-04,217
"125",2016-08-04 02:00:00,6.15,7.9,0,9,0.33,23.06,100,5.8,2016-08-04,217
"126",2016-08-04 02:00:00,2.6,18.57,0,9.54,0.41,30.71,100,6,2016-08-04,217
"127",2016-08-04 02:00:00,0,45.91,0,14.29,0.42,60.21,97.17,6.2,2016-08-04,217
"128",2016-08-04 02:00:00,6.17,42.62,0,19.94,0.73,68.73,96.7,6.8,2016-08-04,217
"129",2016-08-04 02:00:00,8.72,32.05,0,21.96,0.98,62.73,97.44,7,2016-08-04,217
"130",2016-08-04 02:00:00,6.24,28.59,0,16.94,1.22,51.78,99.46,7.3,2016-08-04,217
"131",2016-08-04 02:00:00,6.74,31.73,0,16.25,1.22,54.72,100,7.5,2016-08-04,217
"132",2016-08-04 02:00:00,2.47,33,0,13.74,1.37,49.21,100,7.8,2016-08-04,217
"133",2016-08-04 02:00:00,0.01,32.67,0,12,1.42,44.67,100,8.1,2016-08-04,217
"134",2016-08-04 02:00:00,0,36.75,0,9.98,1.25,46.74,100,8.5,2016-08-04,217
"135",2016-08-04 02:00:00,0,39.57,0,8.6,1.07,48.17,99.94,8.8,2016-08-04,217
"136",2016-08-04 02:00:00,0,41.2,0,8.69,1.01,49.89,99.41,9,2016-08-04,217
"137",2016-08-04 02:00:00,0,43.53,0,8.12,0.92,51.65,98.76,9.5,2016-08-04,217
"138",2016-08-04 02:00:00,0,42.51,0,7.42,0.85,49.93,96.5,9.6,2016-08-04,217
"139",2016-08-04 02:00:00,0,46.01,0,7.9,0.81,53.91,98.16,10,2016-08-04,217
"140",2016-08-04 02:00:00,0,48.33,0,8.41,0.73,56.74,96.83,10.2,2016-08-04,217
"141",2016-08-04 07:00:00,2.36,0.88,1.24,0.65,0,5.14,76.06,0.2,2016-08-04,217
"142",2016-08-04 07:00:00,5.24,1.43,4.68,1.8,0,13.15,100,0.3,2016-08-04,217
"143",2016-08-04 07:00:00,5.23,1.37,4.79,1.84,0,13.23,100,0.8,2016-08-04,217
"144",2016-08-04 07:00:00,5.41,1.37,5,2.01,0,13.79,100,1,2016-08-04,217
"145",2016-08-04 07:00:00,5.46,1.42,5.49,1.94,0,14.31,100,1.2,2016-08-04,217
"146",2016-08-04 07:00:00,5.48,1.46,5.36,1.92,0,14.23,100,1.6,2016-08-04,217
"147",2016-08-04 07:00:00,5.48,1.27,5.14,2.08,0,13.97,100,2,2016-08-04,217
"148",2016-08-04 07:00:00,5.49,1.37,5.53,2.13,0,14.52,100,2.2,2016-08-04,217
"149",2016-08-04 07:00:00,5.4,1.35,5.6,2.21,0,14.56,100,2.5,2016-08-04,217
"150",2016-08-04 07:00:00,5.44,1.41,5.74,2.05,0,14.64,100,2.7,2016-08-04,217
"151",2016-08-04 07:00:00,5.68,1.44,6.3,2.48,0,15.91,100,3.1,2016-08-04,217
"152",2016-08-04 07:00:00,5.39,1.35,6.35,2.67,0,15.76,100,3.4,2016-08-04,217
"153",2016-08-04 07:00:00,5.15,1.28,7.69,2.56,0,16.68,100,3.7,2016-08-04,217
"154",2016-08-04 07:00:00,5.26,1.49,11.47,2.23,0,20.45,100,4,2016-08-04,217
"155",2016-08-04 07:00:00,4.15,1.41,11.31,1.91,0.2,18.78,100,4.3,2016-08-04,217
"156",2016-08-04 07:00:00,4.71,1.65,4.75,2.4,0.45,13.51,100,4.6,2016-08-04,217
"157",2016-08-04 07:00:00,10.22,2.48,3.37,8.24,0.49,24.31,100,4.9,2016-08-04,217
"158",2016-08-04 07:00:00,10.69,2.99,2.97,11.47,0.42,28.12,100,5.1,2016-08-04,217
"159",2016-08-04 07:00:00,9.84,4.3,2.42,13.8,0.31,30.35,100,5.4,2016-08-04,217
"160",2016-08-04 07:00:00,6.68,5.41,1.4,12.89,0.28,26.38,100,5.8,2016-08-04,217
"161",2016-08-04 07:00:00,2.41,13.74,0,12.06,0.29,28.21,100,6.1,2016-08-04,217
"162",2016-08-04 07:00:00,0,37.99,0,12.81,0.08,50.81,99.33,6.4,2016-08-04,217
"163",2016-08-04 07:00:00,0,39.25,0,14.85,0.53,54.1,97.26,6.8,2016-08-04,217
"164",2016-08-04 07:00:00,2.28,31.04,0,9.95,0.99,43.28,98.9,7,2016-08-04,217
"165",2016-08-04 07:00:00,1.32,29.8,0,9.69,1.05,40.81,100,7.3,2016-08-04,217
"166",2016-08-04 07:00:00,0,29.85,0,8.63,1.16,38.48,100,7.6,2016-08-04,217
"167",2016-08-04 07:00:00,0,33.73,0,8.22,1.12,41.94,100,7.9,2016-08-04,217
"168",2016-08-04 07:00:00,0,37.42,0,7.53,0.99,44.95,100,8.2,2016-08-04,217
"169",2016-08-04 07:00:00,0,38.14,0,7.91,0.88,46.05,100,8.5,2016-08-04,217
"170",2016-08-04 07:00:00,0,39.2,0,7.64,0.88,46.84,100,8.8,2016-08-04,217
"171",2016-08-04 07:00:00,0,40.81,0,7.56,0.92,48.37,99.78,9.1,2016-08-04,217
"172",2016-08-04 07:00:00,0,40.22,0,8.64,0.68,48.86,99.07,9.4,2016-08-04,217
"173",2016-08-04 07:00:00,0,41.88,0,7.64,0.86,49.52,98.67,9.7,2016-08-04,217
"174",2016-08-04 07:00:00,0,44.8,0,8.2,0.63,53,98.25,10,2016-08-04,217
"175",2016-08-04 07:00:00,0,49.92,0,8.77,0.51,58.69,98.54,10.3,2016-08-04,217
"176",2016-08-04 11:00:00,8.24,1.61,6.13,3.6,0,19.57,100,0.4,2016-08-04,217
"177",2016-08-04 11:00:00,8.24,1.61,6.13,3.6,0,19.57,100,0.4,2016-08-04,217
"178",2016-08-04 11:00:00,6.9,1.57,7.72,3.07,0,19.26,100,0.7,2016-08-04,217
"179",2016-08-04 11:00:00,7.12,1.55,7.61,3.19,0,19.46,100,0.9,2016-08-04,217
"180",2016-08-04 11:00:00,6.38,1.6,7.63,3.55,0,19.16,100,1.2,2016-08-04,217
"181",2016-08-04 11:00:00,6.47,1.69,7.94,2.97,0,19.07,100,1.6,2016-08-04,217
"182",2016-08-04 11:00:00,6.91,1.6,7.43,3.24,0,19.17,100,1.8,2016-08-04,217
"183",2016-08-04 11:00:00,6.86,1.57,7.55,3.19,0,19.19,100,2.2,2016-08-04,217
"184",2016-08-04 11:00:00,7.22,1.52,7.13,3.42,0,19.29,100,2.5,2016-08-04,217
"185",2016-08-04 11:00:00,6.57,1.66,7.54,2.98,0,18.75,100,2.9,2016-08-04,217
"186",2016-08-04 11:00:00,6.63,1.6,7.44,3.11,0,18.77,100,3.2,2016-08-04,217
"187",2016-08-04 11:00:00,6.7,1.5,7.15,3.21,0,18.56,100,3.4,2016-08-04,217
"188",2016-08-04 11:00:00,6.74,1.49,7.39,3.28,0,18.9,100,3.6,2016-08-04,217
"189",2016-08-04 11:00:00,5.95,1.66,6.82,2.89,0,17.31,100,4,2016-08-04,217
"190",2016-08-04 11:00:00,3.89,1.24,3.04,2.04,0.32,10.21,100,4.4,2016-08-04,217
"191",2016-08-04 11:00:00,3.63,1.21,1.89,1.65,0.48,8.38,100,4.6,2016-08-04,217
"192",2016-08-04 11:00:00,9.47,2.42,2.48,9.73,0.55,24.09,100,4.9,2016-08-04,217
"193",2016-08-04 11:00:00,7.58,2.42,1.68,8.84,0.45,20.52,100,5.2,2016-08-04,217
"194",2016-08-04 11:00:00,5.07,3.28,1.32,9.47,0.35,19.15,100,5.5,2016-08-04,217
"195",2016-08-04 11:00:00,4.18,8.2,0,8.18,0.36,20.56,100,5.9,2016-08-04,217
"196",2016-08-04 11:00:00,2.57,13.41,0,8.16,0.42,24.14,100,6.1,2016-08-04,217
"197",2016-08-04 11:00:00,0,33.7,0,9.38,0.4,43.08,100,6.5,2016-08-04,217
"198",2016-08-04 11:00:00,0.26,36.69,0,10.43,0.98,47.38,98.04,6.8,2016-08-04,217
"199",2016-08-04 11:00:00,2.19,31.89,0,8.3,1.19,42.37,100,7.1,2016-08-04,217
"200",2016-08-04 11:00:00,1.39,29.97,0,7.97,1.31,39.32,100,7.4,2016-08-04,217
"201",2016-08-04 11:00:00,0.4,29.53,0,7.65,1.32,37.58,100,7.5,2016-08-04,217
"202",2016-08-04 11:00:00,0,31.56,0,7.13,1.2,38.69,100,7.9,2016-08-04,217
"203",2016-08-04 11:00:00,0,32.8,0,6.39,1.13,39.18,100,8.1,2016-08-04,217
"204",2016-08-04 11:00:00,0,37.24,0,7.08,1.09,44.31,100,8.6,2016-08-04,217
"205",2016-08-04 11:00:00,0,38.5,0,6.78,1.11,45.28,100,8.7,2016-08-04,217
"206",2016-08-04 11:00:00,0,40.38,0,7.33,1.1,47.71,100,9,2016-08-04,217
"207",2016-08-04 11:00:00,0,40.9,0,7.29,0.95,48.19,100,9.3,2016-08-04,217
"208",2016-08-04 11:00:00,0,46,0,8.07,0.86,54.07,99.22,9.7,2016-08-04,217
"209",2016-08-04 11:00:00,0,49,0,8.02,0.81,57.02,98.91,10,2016-08-04,217
"210",2016-08-04 11:00:00,0,55.39,0,7.56,0.76,62.96,97.41,10.3,2016-08-04,217
"211",2019-07-10 11:00:00,1.25,0,0.35,0.13,0.16,1.72,74.35,0.2,2019-07-10,191
"212",2019-07-10 11:00:00,1.95,0,0,0.08,0.26,2.03,73.4,0.4,2019-07-10,191
"213",2019-07-10 11:00:00,0.58,0,1.85,0,0.16,2.44,73.15,0.8,2019-07-10,191
"214",2019-07-10 11:00:00,1.07,0.35,1.25,0,0.29,2.66,72.69,0.9,2019-07-10,191
"215",2019-07-10 11:00:00,1.93,0.03,1.34,0,0.21,3.3,73.52,1.3,2019-07-10,191
"216",2019-07-10 11:00:00,1.83,0,1.47,0,0.17,3.3,73.64,1.7,2019-07-10,191
"217",2019-07-10 11:00:00,1.37,0.04,1.69,0,0.17,3.1,73.17,1.8,2019-07-10,191
"218",2019-07-10 11:00:00,2.07,0.04,1,0,0.29,3.11,73.28,2.2,2019-07-10,191
"219",2019-07-10 11:00:00,1.2,0.04,1.44,0,0.22,2.68,73.54,2.6,2019-07-10,191
"220",2019-07-10 11:00:00,1.29,0,1.47,0,0.25,2.75,73.49,2.8,2019-07-10,191
"221",2019-07-10 11:00:00,1.27,0.12,1.23,0,0.28,2.63,73.43,3.1,2019-07-10,191
"222",2019-07-10 11:00:00,1.6,0,1.74,0.23,0.33,3.57,73.5,3.4,2019-07-10,191
"223",2019-07-10 11:00:00,2.46,0.17,1.67,0.37,0.41,4.66,73.75,3.6,2019-07-10,191
"224",2019-07-10 11:00:00,1.83,0.2,1.99,0.16,0.46,4.18,73.7,4,2019-07-10,191
"225",2019-07-10 11:00:00,1.72,0.14,1.41,0.31,0.47,3.58,74.21,4.3,2019-07-10,191
"226",2019-07-10 11:00:00,0.81,0.52,3.99,0,0.52,5.32,74.34,4.6,2019-07-10,191
"227",2019-07-10 11:00:00,0.49,0.58,4.47,0,0.54,5.54,75.03,4.9,2019-07-10,191
"228",2019-07-10 11:00:00,0,0.72,6.49,0.2,0.59,7.41,76.09,5.2,2019-07-10,191
"229",2019-07-10 11:00:00,0,1.08,8.14,0.11,0.53,9.33,76.33,5.5,2019-07-10,191
"230",2019-07-10 11:00:00,0,1.62,8.5,0.24,0.53,10.36,76.39,5.8,2019-07-10,191
"231",2019-07-10 11:00:00,0,1.4,6.74,0.9,0.58,9.04,76.8,6,2019-07-10,191
"232",2019-07-10 11:00:00,0,2.9,2.42,0.56,0.72,5.88,76.44,6.4,2019-07-10,191
"233",2019-07-10 11:00:00,0,5.17,1.71,0.7,0.71,7.58,75.72,6.7,2019-07-10,191
"234",2019-07-10 11:00:00,0.53,12.52,4.56,1.01,1.27,18.63,72.23,7,2019-07-10,191
"235",2019-07-10 11:00:00,3.66,13.7,9.77,2.57,3.15,29.69,65.85,7.3,2019-07-10,191
"236",2019-07-10 11:00:00,0.93,12.74,5.96,0.97,2.64,20.6,69.3,7.7,2019-07-10,191
"237",2019-07-10 11:00:00,0.44,12.45,3.48,0.78,2.05,17.16,71.34,7.8,2019-07-10,191
"238",2019-07-10 11:00:00,0.62,13.54,1.51,0.42,1.48,16.1,72.79,8.2,2019-07-10,191
"239",2019-07-10 11:00:00,0.63,13.78,1.75,0,1.44,16.16,72.17,8.4,2019-07-10,191
"240",2019-07-10 11:00:00,0.79,15.66,0.98,0.09,1.18,17.52,71.06,8.8,2019-07-10,191
"241",2019-07-10 11:00:00,0.46,16.48,0.49,0.4,1.19,17.84,70.92,9.1,2019-07-10,191
"242",2019-07-10 11:00:00,0.23,17.36,0,0.96,1.16,18.56,70.84,9.4,2019-07-10,191
"243",2019-07-10 11:00:00,0.39,17.97,0.6,0.21,1.08,19.17,70.8,9.7,2019-07-10,191
"244",2019-07-10 11:00:00,0.28,17.92,0.09,0.55,1.05,18.84,70.65,9.9,2019-07-10,191
"245",2019-07-10 11:00:00,0,19.31,0,0.69,1.02,20,70.16,10.3,2019-07-10,191
"246",2019-07-10 18:00:00,0.9,0,0.95,0.57,0.06,2.43,97.15,0.2,2019-07-10,191
"247",2019-07-10 18:00:00,1.81,0.35,0.98,0.16,0.07,3.3,95.64,0.3,2019-07-10,191
"248",2019-07-10 18:00:00,1.84,0.45,0.97,0,0.1,3.26,97.17,0.7,2019-07-10,191
"249",2019-07-10 18:00:00,2.04,0.35,1.01,0,0.16,3.4,96.48,0.9,2019-07-10,191
"250",2019-07-10 18:00:00,2.27,0,0.67,0.53,0.09,3.47,96.78,1.3,2019-07-10,191
"251",2019-07-10 18:00:00,1.76,0.38,1,0,0.22,3.14,97.16,1.6,2019-07-10,191
"252",2019-07-10 18:00:00,1.67,0.03,0.61,0.68,0.18,2.98,97.14,1.8,2019-07-10,191
"253",2019-07-10 18:00:00,1.74,0.54,1.07,0,0.16,3.35,97,2.2,2019-07-10,191
"254",2019-07-10 18:00:00,2.21,0.33,0.37,0.29,0.13,3.2,97.14,2.5,2019-07-10,191
"255",2019-07-10 18:00:00,1.62,0.34,0.6,0.27,0.23,2.83,96.81,2.8,2019-07-10,191
"256",2019-07-10 18:00:00,1.79,0.5,1.13,0.05,0.11,3.47,96.41,3.1,2019-07-10,191
"257",2019-07-10 18:00:00,2.31,0.41,0.71,0.22,0.26,3.64,96.46,3.4,2019-07-10,191
"258",2019-07-10 18:00:00,3.29,0.23,1.02,0.4,0.21,4.93,96.39,3.7,2019-07-10,191
"259",2019-07-10 18:00:00,3.6,0.23,1.28,0.56,0.23,5.67,96.79,4,2019-07-10,191
"260",2019-07-10 18:00:00,3.31,0.28,1.11,0.67,0.34,5.36,96.57,4.3,2019-07-10,191
"261",2019-07-10 18:00:00,2.7,0.45,1.13,0.43,0.4,4.72,96.47,4.6,2019-07-10,191
"262",2019-07-10 18:00:00,1.94,0.32,0.75,0.95,0.47,3.95,96.52,4.9,2019-07-10,191
"263",2019-07-10 18:00:00,1.36,0.61,1.52,0.88,0.45,4.38,96.08,5.2,2019-07-10,191
"264",2019-07-10 18:00:00,0.98,0.56,1.51,0.97,0.54,4.02,95.84,5.5,2019-07-10,191
"265",2019-07-10 18:00:00,0.63,0.76,2.73,0.96,0.51,5.07,95.48,5.8,2019-07-10,191
"266",2019-07-10 18:00:00,0,1.29,9.22,1.47,0.47,11.98,94.16,6.1,2019-07-10,191
"267",2019-07-10 18:00:00,0,3.2,7.49,1.41,0.53,12.1,93.82,6.4,2019-07-10,191
"268",2019-07-10 18:00:00,0,11.62,15.94,1.02,0.63,28.58,88.52,6.7,2019-07-10,191
"269",2019-07-10 18:00:00,0,7.03,6.2,1.52,1.54,14.75,85.57,7,2019-07-10,191
"270",2019-07-10 18:00:00,0,8.2,5.02,5.13,2.12,18.34,86.84,7.3,2019-07-10,191
"271",2019-07-10 18:00:00,0,8.44,2.86,2.23,1.98,13.52,87.6,7.6,2019-07-10,191
"272",2019-07-10 18:00:00,0.09,10.95,2.34,0.7,1.99,14.07,87.56,7.9,2019-07-10,191
"273",2019-07-10 18:00:00,0.26,16.75,0.91,0,1.42,17.93,85.5,8.2,2019-07-10,191
"274",2019-07-10 18:00:00,0,16.38,0.4,0.45,1.39,17.23,84.57,8.5,2019-07-10,191
"275",2019-07-10 18:00:00,0,16.86,0,0.66,1.36,17.52,84.13,8.8,2019-07-10,191
"276",2019-07-10 18:00:00,0,19.43,0.35,0.14,1.28,19.92,83.45,9.1,2019-07-10,191
"277",2019-07-10 18:00:00,0.09,17.9,0,0.41,1.24,18.4,83.75,9.4,2019-07-10,191
"278",2019-07-10 18:00:00,0,20.35,0,0.46,1.22,20.81,83.25,9.8,2019-07-10,191
"279",2019-07-10 18:00:00,0.01,22.29,0.31,0.06,1.27,22.67,83.1,10,2019-07-10,191
"280",2019-07-10 18:00:00,0,22.91,0.11,0.17,1.26,23.19,82.5,10.3,2019-07-10,191
"281",2019-07-10 20:00:00,1.75,0.31,0.98,0.18,0.19,3.22,93.76,0.2,2019-07-10,191
"282",2019-07-10 20:00:00,1.99,0.22,0.74,0.24,0.15,3.19,94.69,0.4,2019-07-10,191
"283",2019-07-10 20:00:00,1.84,0.3,0.84,0.13,0.18,3.12,95.07,0.7,2019-07-10,191
"284",2019-07-10 20:00:00,1.88,0.16,0.55,0.36,0.21,2.95,95.13,1,2019-07-10,191
"285",2019-07-10 20:00:00,1.7,0.23,0.72,0.29,0.21,2.94,95.15,1.3,2019-07-10,191
"286",2019-07-10 20:00:00,1.84,0.26,0.86,0.2,0.18,3.16,95.29,1.6,2019-07-10,191
"287",2019-07-10 20:00:00,2.09,0.26,0.84,0.18,0.17,3.36,95.4,1.9,2019-07-10,191
"288",2019-07-10 20:00:00,1.74,0.28,0.81,0.17,0.22,3.01,95.49,2.2,2019-07-10,191
"289",2019-07-10 20:00:00,1.71,0.29,0.67,0.18,0.23,2.84,95.32,2.5,2019-07-10,191
"290",2019-07-10 20:00:00,1.72,0.32,0.73,0.2,0.22,2.96,95.41,2.8,2019-07-10,191
"291",2019-07-10 20:00:00,1.74,0.3,0.44,0.3,0.26,2.79,95.53,3.1,2019-07-10,191
"292",2019-07-10 20:00:00,1.84,0.37,0.52,0.21,0.26,2.95,95.65,3.4,2019-07-10,191
"293",2019-07-10 20:00:00,2.89,0.31,0.54,0.28,0.28,4.01,95.76,3.7,2019-07-10,191
"294",2019-07-10 20:00:00,3.53,0.24,0.35,0.33,0.31,4.44,95.15,4,2019-07-10,191
"295",2019-07-10 20:00:00,3.26,0.22,0.38,0.39,0.35,4.24,96.02,4.3,2019-07-10,191
"296",2019-07-10 20:00:00,3,0.27,0.51,0.42,0.38,4.19,96.14,4.6,2019-07-10,191
"297",2019-07-10 20:00:00,3.38,0.4,1.11,0.45,0.38,5.33,95.32,4.9,2019-07-10,191
"298",2019-07-10 20:00:00,2.53,0.5,1.77,0.54,0.48,5.35,96.12,5.2,2019-07-10,191
"299",2019-07-10 20:00:00,1.94,0.55,1.92,0.63,0.51,5.04,95.88,5.5,2019-07-10,191
"300",2019-07-10 20:00:00,0.86,0.66,2.27,0.69,0.62,4.47,95.9,5.8,2019-07-10,191
"301",2019-07-10 20:00:00,0,0.99,4.33,0.79,0.65,6.1,95.4,6.1,2019-07-10,191
"302",2019-07-10 20:00:00,0,4.59,40.21,2.82,0.08,47.62,92.28,6.4,2019-07-10,191
"303",2019-07-10 20:00:00,0,5.21,30.17,3.26,0.11,38.63,92.48,6.7,2019-07-10,191
"304",2019-07-10 20:00:00,0,11.02,58.89,8.02,0,77.94,87.07,7,2019-07-10,191
"305",2019-07-10 20:00:00,0,8.55,23.01,2.5,0.41,34.06,87.04,7.3,2019-07-10,191
"306",2019-07-10 20:00:00,0,6.98,8.67,4.5,1.23,20.16,89.15,7.6,2019-07-10,191
"307",2019-07-10 20:00:00,0,9.08,6.75,3.01,1.54,18.84,89.31,7.9,2019-07-10,191
"308",2019-07-10 20:00:00,0.53,10.92,3.63,1.7,1.77,16.78,89.33,8.2,2019-07-10,191
"309",2019-07-10 20:00:00,0,12.64,2.55,0.75,1.62,15.95,87.97,8.5,2019-07-10,191
"310",2019-07-10 20:00:00,0,14.06,0.44,1.03,1.5,15.53,86.81,8.8,2019-07-10,191
"311",2019-07-10 20:00:00,0,16.82,0,1.18,1.33,18,85.97,9.1,2019-07-10,191
"312",2019-07-10 20:00:00,0.48,18.43,0.42,0.14,1.2,19.47,85.2,9.4,2019-07-10,191
"313",2019-07-10 20:00:00,0,19.19,0.94,0,1.08,20.13,86.22,9.7,2019-07-10,191
"314",2019-07-10 20:00:00,0,20,0,0.62,1.14,20.62,85.2,10,2019-07-10,191
"315",2019-07-10 20:00:00,0,21.73,0.56,0,1.11,22.28,85.07,10.3,2019-07-10,191
"316",2019-07-10 23:00:00,1.12,0.49,0.78,0,0.36,2.39,82.35,0.2,2019-07-10,191
"317",2019-07-10 23:00:00,1.16,0.48,0.78,0,0.35,2.42,82.51,0.4,2019-07-10,191
"318",2019-07-10 23:00:00,1.1,0.49,0.77,0,0.37,2.36,82.88,0.7,2019-07-10,191
"319",2019-07-10 23:00:00,1.17,0.45,0.71,0,0.37,2.32,84.21,1,2019-07-10,191
"320",2019-07-10 23:00:00,1.12,0.45,0.76,0,0.36,2.33,86.13,1.3,2019-07-10,191
"321",2019-07-10 23:00:00,1.09,0.49,0.75,0,0.36,2.33,85.49,1.6,2019-07-10,191
"322",2019-07-10 23:00:00,1.16,0.46,0.82,0,0.35,2.44,85.88,1.9,2019-07-10,191
"323",2019-07-10 23:00:00,1.13,0.45,0.75,0.04,0.35,2.37,86.95,2.2,2019-07-10,191
"324",2019-07-10 23:00:00,1.15,0.49,0.76,0,0.36,2.4,86.94,2.5,2019-07-10,191
"325",2019-07-10 23:00:00,1.27,0.47,0.9,0.01,0.34,2.65,87.56,2.8,2019-07-10,191
"326",2019-07-10 23:00:00,1.38,0.49,0.72,0.08,0.35,2.68,88.31,3.1,2019-07-10,191
"327",2019-07-10 23:00:00,1.58,0.56,0.81,0,0.38,2.95,88.21,3.4,2019-07-10,191
"328",2019-07-10 23:00:00,1.94,0.5,0.67,0.1,0.39,3.21,89.17,3.7,2019-07-10,191
"329",2019-07-10 23:00:00,2.72,0.44,0.77,0.08,0.34,4.01,89.32,4,2019-07-10,191
"330",2019-07-10 23:00:00,2.95,0.48,0.85,0.09,0.32,4.36,90.19,4.3,2019-07-10,191
"331",2019-07-10 23:00:00,3.12,0.51,0.76,0.18,0.38,4.56,90.12,4.6,2019-07-10,191
"332",2019-07-10 23:00:00,2.96,0.54,1.33,0.23,0.38,5.06,91.01,4.9,2019-07-10,191
"333",2019-07-10 23:00:00,1.99,0.74,1.76,0.24,0.47,4.73,91.07,5.2,2019-07-10,191
"334",2019-07-10 23:00:00,1.63,0.75,1.52,0.4,0.5,4.3,90.97,5.5,2019-07-10,191
"335",2019-07-10 23:00:00,0.83,0.76,2.39,0.49,0.56,4.47,91.4,5.8,2019-07-10,191
"336",2019-07-10 23:00:00,0.95,0.9,2.14,0.55,0.6,4.55,91.28,6.1,2019-07-10,191
"337",2019-07-10 23:00:00,0,2.17,3.23,0.83,0.73,6.23,90.97,6.4,2019-07-10,191
"338",2019-07-10 23:00:00,0,5.37,6.55,0.26,0.51,12.18,89.67,6.7,2019-07-10,191
"339",2019-07-10 23:00:00,0,9.56,35.52,4.39,0,49.47,84.79,7,2019-07-10,191
"340",2019-07-10 23:00:00,0,6.23,7.79,1.14,0.92,15.15,85.31,7.3,2019-07-10,191
"341",2019-07-10 23:00:00,0,7.19,6.59,1.75,1.03,15.52,85.52,7.6,2019-07-10,191
"342",2019-07-10 23:00:00,0.15,9.75,5.89,2.25,1.56,18.04,85.89,7.9,2019-07-10,191
"343",2019-07-10 23:00:00,1.07,11.5,5.19,3.7,1.75,21.46,85.11,8.2,2019-07-10,191
"344",2019-07-10 23:00:00,1.28,13.94,3.68,2.97,1.65,21.87,84.58,8.5,2019-07-10,191
"345",2019-07-10 23:00:00,0.54,15.86,3.32,1.37,1.39,21.11,83.73,8.8,2019-07-10,191
"346",2019-07-10 23:00:00,0.15,17.18,2.21,0,1.22,19.55,83.42,9.1,2019-07-10,191
"347",2019-07-10 23:00:00,0.25,18.05,1.52,0,1.12,19.82,82.25,9.3,2019-07-10,191
"348",2019-07-10 23:00:00,0.75,19.1,0.56,0,1.04,20.4,81.95,9.7,2019-07-10,191
"349",2019-07-10 23:00:00,0.19,20.64,0.61,0,1.08,21.45,81.87,9.9,2019-07-10,191
"350",2019-07-10 23:00:00,1.18,22.07,0.16,0,0.99,23.4,81.7,10.3,2019-07-10,191
"351",2019-07-11 04:00:00,0.77,0.67,0.68,0,0.53,2.11,97.32,0.2,2019-07-11,192
"352",2019-07-11 04:00:00,0.69,0.66,0.63,0,0.54,1.99,98.58,0.4,2019-07-11,192
"353",2019-07-11 04:00:00,0.72,0.61,0.51,0.05,0.54,1.89,98.68,0.6,2019-07-11,192
"354",2019-07-11 04:00:00,0.71,0.6,0.66,0.02,0.54,1.99,99.47,1,2019-07-11,192
"355",2019-07-11 04:00:00,0.84,0.63,0.73,0,0.51,2.2,99.02,1.3,2019-07-11,192
"356",2019-07-11 04:00:00,0.76,0.62,0.66,0.05,0.54,2.08,99.26,1.6,2019-07-11,192
"357",2019-07-11 04:00:00,0.89,0.68,0.55,0,0.54,2.12,99.32,1.9,2019-07-11,192
"358",2019-07-11 04:00:00,0.81,0.63,0.65,0,0.53,2.09,99.27,2.2,2019-07-11,192
"359",2019-07-11 04:00:00,0.81,0.62,0.59,0,0.53,2.02,99.23,2.5,2019-07-11,192
"360",2019-07-11 04:00:00,0.76,0.55,0.46,0.1,0.55,1.87,99.31,2.8,2019-07-11,192
"361",2019-07-11 04:00:00,0.86,0.66,0.71,0,0.56,2.24,99.16,3.1,2019-07-11,192
"362",2019-07-11 04:00:00,1.18,0.68,0.81,0.09,0.57,2.76,98.6,3.5,2019-07-11,192
"363",2019-07-11 04:00:00,1.41,0.61,0.65,0.14,0.53,2.81,99.12,3.7,2019-07-11,192
"364",2019-07-11 04:00:00,1.43,0.61,0.62,0.12,0.58,2.78,98.91,4,2019-07-11,192
"365",2019-07-11 04:00:00,2.32,0.68,0.7,0,0.59,3.7,99.37,4.3,2019-07-11,192
"366",2019-07-11 04:00:00,2.63,0.65,0.9,0.07,0.54,4.25,99.21,4.6,2019-07-11,192
"367",2019-07-11 04:00:00,2.01,0.68,0.93,0.24,0.59,3.86,99.27,4.9,2019-07-11,192
"368",2019-07-11 04:00:00,0.94,0.83,1.25,0.37,0.77,3.39,98.85,5.2,2019-07-11,192
"369",2019-07-11 04:00:00,1.05,0.81,1.13,0.33,0.68,3.31,99.18,5.5,2019-07-11,192
"370",2019-07-11 04:00:00,0.73,0.66,1.12,0.55,0.64,3.06,98.98,5.8,2019-07-11,192
"371",2019-07-11 04:00:00,0.52,0.77,1.3,0.64,0.7,3.23,98.62,6.1,2019-07-11,192
"372",2019-07-11 04:00:00,0.02,1.49,1.97,0.73,0.82,4.21,98.25,6.4,2019-07-11,192
"373",2019-07-11 04:00:00,0,6.38,15.31,0.31,0.44,22,96.24,6.7,2019-07-11,192
"374",2019-07-11 04:00:00,0,8.3,40.61,4.54,0,53.46,92.47,7,2019-07-11,192
"375",2019-07-11 04:00:00,0,8.21,7.97,1.83,1.37,18.01,93.59,7.3,2019-07-11,192
"376",2019-07-11 04:00:00,0,9.37,4.45,1.91,1.79,15.72,93.06,7.6,2019-07-11,192
"377",2019-07-11 04:00:00,0.69,11.45,3.91,1.62,1.82,17.68,92.21,7.9,2019-07-11,192
"378",2019-07-11 04:00:00,0.07,14.25,3.1,0.79,1.48,18.2,90.61,8.2,2019-07-11,192
"379",2019-07-11 04:00:00,0,15.53,2.04,0.53,1.35,18.1,89.48,8.5,2019-07-11,192
"380",2019-07-11 04:00:00,0,19.37,1.37,0.18,1.14,20.91,88.09,8.8,2019-07-11,192
"381",2019-07-11 04:00:00,0.1,19.67,1.63,0,1.11,21.4,88.2,9.1,2019-07-11,192
"382",2019-07-11 04:00:00,0,19.27,1.19,0.47,1.15,20.92,87.99,9.4,2019-07-11,192
"383",2019-07-11 04:00:00,0,20.29,0.99,0.37,1.1,21.65,88,9.7,2019-07-11,192
"384",2019-07-11 04:00:00,0.2,18.26,0.85,0,1.09,19.31,88,10,2019-07-11,192
"385",2019-07-11 04:00:00,0,19.34,0,0.73,1.14,20.07,87.66,10.3,2019-07-11,192
"386",2019-07-11 05:00:00,0.8,0.95,0.66,0.01,0.54,2.43,95.76,0.2,2019-07-11,192
"387",2019-07-11 05:00:00,0.96,0.69,0.6,0.04,0.51,2.29,97.86,0.4,2019-07-11,192
"388",2019-07-11 05:00:00,0.98,0.62,0.5,0.07,0.52,2.17,98.95,0.7,2019-07-11,192
"389",2019-07-11 05:00:00,0.87,0.69,0.61,0,0.52,2.17,98.69,1,2019-07-11,192
"390",2019-07-11 05:00:00,0.88,0.62,0.54,0.08,0.54,2.13,97.99,1.3,2019-07-11,192
"391",2019-07-11 05:00:00,0.88,0.66,0.67,0.04,0.53,2.25,97.81,1.6,2019-07-11,192
"392",2019-07-11 05:00:00,0.73,0.65,0.62,0.04,0.55,2.03,99.34,1.9,2019-07-11,192
"393",2019-07-11 05:00:00,0.7,0.63,0.57,0.09,0.56,2,99.39,2.2,2019-07-11,192
"394",2019-07-11 05:00:00,0.9,0.64,0.73,0.06,0.53,2.33,99.44,2.5,2019-07-11,192
"395",2019-07-11 05:00:00,0.83,0.63,0.68,0.1,0.56,2.23,99.44,2.8,2019-07-11,192
"396",2019-07-11 05:00:00,1.63,0.74,0.87,0.04,0.51,3.28,99.13,3.1,2019-07-11,192
"397",2019-07-11 05:00:00,1.2,0.71,0.94,0.05,0.53,2.9,99.12,3.4,2019-07-11,192
"398",2019-07-11 05:00:00,1.52,0.68,0.79,0.07,0.55,3.07,99.31,3.7,2019-07-11,192
"399",2019-07-11 05:00:00,1.9,0.78,0.82,0,0.68,3.5,99.28,4,2019-07-11,192
"400",2019-07-11 05:00:00,2.7,0.65,0.56,0.24,0.64,4.14,98.09,4.3,2019-07-11,192
"401",2019-07-11 05:00:00,1.97,0.72,0.94,0.16,0.63,3.8,99.43,4.6,2019-07-11,192
"402",2019-07-11 05:00:00,1.83,0.75,1.09,0.22,0.67,3.89,99.46,4.9,2019-07-11,192
"403",2019-07-11 05:00:00,1.59,0.7,1.26,0.29,0.65,3.83,99.42,5.2,2019-07-11,192
"404",2019-07-11 05:00:00,1.06,0.64,0.95,0.56,0.64,3.21,99.26,5.5,2019-07-11,192
"405",2019-07-11 05:00:00,0.8,0.8,1.41,0.57,0.65,3.57,99.09,5.8,2019-07-11,192
"406",2019-07-11 05:00:00,0.16,1.59,6.07,0.08,0.69,7.9,98.75,6.1,2019-07-11,192
"407",2019-07-11 05:00:00,0,2.48,18.93,2.61,0.26,24.02,97,6.4,2019-07-11,192
"408",2019-07-11 05:00:00,0,9.08,48.56,5.01,0,62.64,92.4,6.7,2019-07-11,192
"409",2019-07-11 05:00:00,0,8.3,28.88,2.63,0,39.8,92.44,7,2019-07-11,192
"410",2019-07-11 05:00:00,0,6.93,6.55,2.39,0.92,15.88,94.03,7.3,2019-07-11,192
"411",2019-07-11 05:00:00,0,8.56,5.72,1.7,1.49,15.99,93.53,7.6,2019-07-11,192
"412",2019-07-11 05:00:00,0.27,9.78,4.45,1.91,1.95,16.4,92.85,7.9,2019-07-11,192
"413",2019-07-11 05:00:00,0.49,11.07,4.21,0.77,1.96,16.54,92,8.2,2019-07-11,192
"414",2019-07-11 05:00:00,0,12.98,3.2,0.12,1.76,16.3,91.4,8.5,2019-07-11,192
"415",2019-07-11 05:00:00,0,15.37,2.04,0,1.39,17.41,89.8,8.8,2019-07-11,192
"416",2019-07-11 05:00:00,0.24,17.56,1.83,0,1.33,19.62,89.05,9.1,2019-07-11,192
"417",2019-07-11 05:00:00,0.32,17.95,0.13,1.23,1.22,19.64,88.31,9.4,2019-07-11,192
"418",2019-07-11 05:00:00,0.02,19.4,1.23,0,1.18,20.65,87.64,9.7,2019-07-11,192
"419",2019-07-11 05:00:00,0,21.17,0.98,0,1.12,22.15,88.2,10,2019-07-11,192
"420",2019-07-11 05:00:00,0,18.28,0,0.9,1.12,19.18,88.12,10.3,2019-07-11,192
"421",2019-07-11 09:00:00,1.15,0.27,0.59,0.34,0.21,2.34,96.67,0.3,2019-07-11,192
"422",2019-07-11 09:00:00,1.15,0.27,0.59,0.34,0.21,2.34,96.67,0.3,2019-07-11,192
"423",2019-07-11 09:00:00,0.8,0.57,0.9,0,0.4,2.28,98.65,0.7,2019-07-11,192
"424",2019-07-11 09:00:00,2.36,0.53,0.29,0,0.22,3.17,100,1,2019-07-11,192
"425",2019-07-11 09:00:00,1.98,0.61,0.07,0.24,0.34,2.9,100,1.3,2019-07-11,192
"426",2019-07-11 09:00:00,1.21,0.39,1.14,0,0.22,2.75,100,1.6,2019-07-11,192
"427",2019-07-11 09:00:00,1.67,0.26,0.09,0.69,0.37,2.7,100,1.9,2019-07-11,192
"428",2019-07-11 09:00:00,1.92,0.31,0,0.56,0.34,2.79,100,2.2,2019-07-11,192
"429",2019-07-11 09:00:00,1.62,0.54,0.73,0,0.36,2.89,100,2.5,2019-07-11,192
"430",2019-07-11 09:00:00,1.47,0.2,0.73,0.42,0.25,2.83,100,2.8,2019-07-11,192
"431",2019-07-11 09:00:00,1.09,0.48,1.42,0.06,0.27,3.05,100,3.1,2019-07-11,192
"432",2019-07-11 09:00:00,1.47,0.44,0.77,0.12,0.32,2.79,100,3.4,2019-07-11,192
"433",2019-07-11 09:00:00,1.85,0.61,1.18,0.18,0.54,3.82,100,3.7,2019-07-11,192
"434",2019-07-11 09:00:00,1.71,0.44,0.91,0.58,0.56,3.64,100,4,2019-07-11,192
"435",2019-07-11 09:00:00,1.82,0.47,0.85,0.52,0.58,3.66,100,4.3,2019-07-11,192
"436",2019-07-11 09:00:00,1.4,0.54,1.67,0.4,0.56,4.01,100,4.6,2019-07-11,192
"437",2019-07-11 09:00:00,0.47,0.98,4.29,0,0.6,5.74,100,4.9,2019-07-11,192
"438",2019-07-11 09:00:00,0,0.97,8.83,0.72,0.64,10.51,99.76,5.2,2019-07-11,192
"439",2019-07-11 09:00:00,0,1.3,13.2,1.03,0.57,15.53,98.91,5.5,2019-07-11,192
"440",2019-07-11 09:00:00,0,1.33,11.79,1,0.53,14.13,98.74,5.8,2019-07-11,192
"441",2019-07-11 09:00:00,0,1.63,11.51,0.91,0.58,14.05,98.69,6.1,2019-07-11,192
"442",2019-07-11 09:00:00,0,2.62,13.47,1.81,0.59,17.9,98.32,6.4,2019-07-11,192
"443",2019-07-11 09:00:00,0,10.74,7.04,0,0.6,17.78,96.59,6.7,2019-07-11,192
"444",2019-07-11 09:00:00,0,6.9,4.4,3.99,0.99,15.29,94.1,7,2019-07-11,192
"445",2019-07-11 09:00:00,0,8.86,4.52,3.84,1.42,17.23,93.28,7.3,2019-07-11,192
"446",2019-07-11 09:00:00,0,9.27,4.24,3.01,1.58,16.52,93.15,7.6,2019-07-11,192
"447",2019-07-11 09:00:00,0,9.45,3.46,1.48,1.82,14.39,93.49,7.9,2019-07-11,192
"448",2019-07-11 09:00:00,0,12.84,2.26,0,1.67,15.09,91.98,8.2,2019-07-11,192
"449",2019-07-11 09:00:00,0,14.7,0.92,0.82,1.47,16.43,90.8,8.4,2019-07-11,192
"450",2019-07-11 09:00:00,0.01,18.46,1.42,0,1.19,19.89,89.43,8.8,2019-07-11,192
"451",2019-07-11 09:00:00,0,18.28,1.16,0.22,1.19,19.66,89.16,9.2,2019-07-11,192
"452",2019-07-11 09:00:00,0.14,18.41,0.66,0.5,1.17,19.71,89.11,9.4,2019-07-11,192
"453",2019-07-11 09:00:00,0.27,19.58,0.97,0,1.13,20.82,88.86,9.7,2019-07-11,192
"454",2019-07-11 09:00:00,0,20.37,0.85,0,1.12,21.22,88.64,10,2019-07-11,192
"455",2019-07-11 09:00:00,0.23,22.16,0.61,0,1.06,23,88.39,10.2,2019-07-11,192
"456",2020-08-12 16:00:00,4.23,0.83,1.91,0,0.28,6.96,63.78,0.1,2020-08-12,225
"457",2020-08-12 16:00:00,6.46,1.24,0.91,0,0,8.6,62.99,0.4,2020-08-12,225
"458",2020-08-12 16:00:00,6.28,1.38,2.16,0,0,9.82,64.37,0.7,2020-08-12,225
"459",2020-08-12 16:00:00,6.29,1.22,2.15,0,0.19,9.67,62.12,1,2020-08-12,225
"460",2020-08-12 16:00:00,5.73,1.1,2.36,0,0.1,9.19,61.98,1.3,2020-08-12,225
"461",2020-08-12 16:00:00,5.63,1.01,1.54,0.69,0.05,8.87,61.86,1.6,2020-08-12,225
"462",2020-08-12 16:00:00,6.3,1.29,2.22,0,0.01,9.8,61.79,1.9,2020-08-12,225
"463",2020-08-12 16:00:00,6.68,1.43,5.06,0,0.01,13.17,61.34,2.2,2020-08-12,225
"464",2020-08-12 16:00:00,12.46,2.39,11.64,0,0,26.49,60.04,2.5,2020-08-12,225
"465",2020-08-12 16:00:00,15.35,7.59,5.61,0,0.56,28.55,59.24,2.8,2020-08-12,225
"466",2020-08-12 16:00:00,10.37,5.61,3.46,0,0.29,19.43,59.15,3.1,2020-08-12,225
"467",2020-08-12 16:00:00,7.84,3.16,3.63,2.58,0.44,17.2,60.27,3.4,2020-08-12,225
"468",2020-08-12 16:00:00,12.73,4.16,5.09,6.59,0.39,28.58,59.99,3.7,2020-08-12,225
"469",2020-08-12 16:00:00,12.87,5.25,4.78,4.82,0.49,27.71,59.68,4,2020-08-12,225
"470",2020-08-12 16:00:00,8.11,4.32,2.83,3.01,0.47,18.27,60.51,4.3,2020-08-12,225
"471",2020-08-12 16:00:00,6.74,4.32,2.25,2.31,0.35,15.62,60.35,4.6,2020-08-12,225
"472",2020-08-12 16:00:00,6.09,4.18,1.21,1.98,0.5,13.46,60.1,4.9,2020-08-12,225
"473",2020-08-12 16:00:00,6.68,4.7,1.98,1.21,0.46,14.57,60.24,5.2,2020-08-12,225
"474",2020-08-12 16:00:00,8.33,4.8,2.34,0.22,0.59,15.69,59.23,5.5,2020-08-12,225
"475",2020-08-12 16:00:00,10,4.61,1.95,0.4,0.66,16.96,59.45,5.8,2020-08-12,225
"476",2020-08-12 16:00:00,8.78,4.75,1.95,0.03,0.8,15.51,59.91,6.1,2020-08-12,225
"477",2020-08-12 16:00:00,9.14,4.51,1.8,0.12,1,15.58,61.17,6.4,2020-08-12,225
"478",2020-08-12 16:00:00,10.99,4.68,2.15,0,1.05,17.82,61.31,6.7,2020-08-12,225
"479",2020-08-12 16:00:00,22.37,6.78,2.73,0,2.24,31.88,57.7,7,2020-08-12,225
"480",2020-08-12 16:00:00,24.48,7.17,2.3,0,3.45,33.95,56.77,7.3,2020-08-12,225
"481",2020-08-12 16:00:00,23.69,7.25,2.32,0,3.41,33.26,57.58,7.6,2020-08-12,225
"482",2020-08-12 16:00:00,13.53,4.23,1.46,0,2.37,19.22,61.17,7.9,2020-08-12,225
"483",2020-08-12 16:00:00,11.85,3.74,1.19,0,2.08,16.78,62.34,8.2,2020-08-12,225
"484",2020-08-12 16:00:00,9.97,2.98,0.91,0.2,1.83,14.05,63.97,8.5,2020-08-12,225
"485",2020-08-12 16:00:00,9.41,3.17,1.06,0,1.72,13.64,64.74,8.8,2020-08-12,225
"486",2020-08-12 16:00:00,8.97,2.81,0.99,0.03,1.65,12.8,65.87,9.1,2020-08-12,225
"487",2020-08-12 16:00:00,8.65,2.61,0.75,0.21,1.68,12.23,66.46,9.3,2020-08-12,225
"488",2020-08-12 16:00:00,9.01,2.82,1.04,0.12,1.68,13,68.03,9.8,2020-08-12,225
"489",2020-08-12 16:00:00,8.61,2.7,1.01,0.12,1.69,12.43,68.76,10,2020-08-12,225
"490",2020-08-12 16:00:00,11.48,3.54,1.79,0,1.92,16.81,74.3,10.3,2020-08-12,225
