"sample_ID","Project","site_no","collect_date","Hour","DepthOfTow_m","InitialSampleVolume_mL","Zooplankton_No.","INT","Volume_L","Volume_unadj","proportional_vol","mesh_size_Î¼m","ZoopDensity_No.pL","OverallMeanSize_mm","OverallSESize_mm","OverallCount_n","TotalBiomass_ug","BiomassConcentration_ugpL","DaphniidaeMeanSize_mm","DaphniidaeSESize_mm","DaphniidaeCount_n","Daphniidae_PercentOfTotal","Daphniidae_totalbiomass_ug","Daphniidae_density_NopL","Daphniidae_BiomassConcentration_ugpL","Daphniidae_PercentOftotalbiomassConcentration","CopepodaMeanSize_mm","CopepodaSESize_mm","CopepodaCount_n","Copepoda_PercentOfTotal","Copepoda_totalbiomass_ug","Copepoda_density_NopL","Copepoda_BiomassConcentration_ugpL","Copepoda_PercentOftotalbiomassConcentration","CalanoidaMeanSize_mm","CalanoidaSESize_mm","CalanoidaCount_n","Calanoida_PercentOfTotal","Calanoida_totalbiomass_ug","Calanoida_density_NopL","Calanoida_BiomassConcentration_ugpL","Calanoida_PercentOftotalbiomassConcentration","CladoceraMeanSize_mm","CladoceraSESize_mm","CladoceraCount_n","Cladocera_PercentOfTotal","Cladocera_totalbiomass_ug","Cladocera_density_NopL","Cladocera_BiomassConcentration_ugpL","Cladocera_PercentOftotalbiomassConcentration","CyclopoidaMeanSize_mm","CyclopoidaSESize_mm","CyclopoidaCount_n","Cyclopoida_PercentOfTotal","Cyclopoida_totalbiomass_ug","Cyclopoida_density_NopL","Cyclopoida_BiomassConcentration_ugpL","Cyclopoida_PercentOftotalbiomassConcentration","RotiferaMeanSize_mm","RotiferaSESize_mm","RotiferaCount_n","Rotifera_PercentOfTotal","Rotifera_totalbiomass_ug","Rotifera_density_NopL","Rotifera_BiomassConcentration_ugpL","Rotifera_PercentOftotalbiomassConcentration","KeratellaMeanSize_mm","KeratellaSESize_mm","KeratellaCount_n","Keratella_PercentOfTotal","Keratella_totalbiomass_ug","Keratella_density_NopL","Keratella_BiomassConcentration_ugpL","Keratella_PercentOftotalbiomassConcentration","KellicottiaMeanSize_mm","KellicottiaSESize_mm","KellicottiaCount_n","Kellicottia_PercentOfTotal","Kellicottia_totalbiomass_ug","Kellicottia_density_NopL","Kellicottia_BiomassConcentration_ugpL","Kellicottia_PercentOftotalbiomassConcentration","CrustaceaMeanSize_mm","CrustaceaSESize_mm","CrustaceaCount_n","Crustacea_PercentOfTotal","Crustacea_totalbiomass_ug","Crustacea_density_NopL","Crustacea_BiomassConcentration_ugpL","Crustacea_PercentOftotalbiomassConcentration","naupliusMeanSize_mm","naupliusSESize_mm","naupliusCount_n","nauplius_PercentOfTotal","nauplius_totalbiomass_ug","nauplius_density_NopL","nauplius_BiomassConcentration_ugpL","nauplius_PercentOftotalbiomassConcentration","CeriodaphniaMeanSize_mm","CeriodaphniaSESize_mm","CeriodaphniaCount_n","Ceriodaphnia_PercentOfTotal","Ceriodaphnia_totalbiomass_ug","Ceriodaphnia_density_NopL","Ceriodaphnia_BiomassConcentration_ugpL","Ceriodaphnia_PercentOftotalbiomassConcentration","DaphniaMeanSize_mm","DaphniaSESize_mm","DaphniaCount_n","Daphnia_PercentOfTotal","Daphnia_totalbiomass_ug","Daphnia_density_NopL","Daphnia_BiomassConcentration_ugpL","Daphnia_PercentOftotalbiomassConcentration","BosminaMeanSize_mm","BosminaSESize_mm","BosminaCount_n","Bosmina_PercentOfTotal","Bosmina_totalbiomass_ug","Bosmina_density_NopL","Bosmina_BiomassConcentration_ugpL","Bosmina_PercentOftotalbiomassConcentration","GastropusMeanSize_mm","GastropusSESize_mm","GastropusCount_n","Gastropus_PercentOfTotal","Gastropus_totalbiomass_ug","Gastropus_density_NopL","Gastropus_BiomassConcentration_ugpL","Gastropus_PercentOftotalbiomassConcentration","ConochilusMeanSize_mm","ConochilusSESize_mm","ConochilusCount_n","Conochilus_PercentOfTotal","Conochilus_totalbiomass_ug","Conochilus_density_NopL","Conochilus_BiomassConcentration_ugpL","Conochilus_PercentOftotalbiomassConcentration","ConochiloidesMeanSize_mm","ConochiloidesSESize_mm","ConochiloidesCount_n","Conochiloides_PercentOfTotal","Conochiloides_totalbiomass_ug","Conochiloides_density_NopL","Conochiloides_BiomassConcentration_ugpL","Conochiloides_PercentOftotalbiomassConcentration","TrichocercaMeanSize_mm","TrichocercaSESize_mm","TrichocercaCount_n","Trichocerca_PercentOfTotal","Trichocerca_totalbiomass_ug","Trichocerca_density_NopL","Trichocerca_BiomassConcentration_ugpL","Trichocerca_PercentOftotalbiomassConcentration","MonostylaMeanSize_mm","MonostylaSESize_mm","MonostylaCount_n","Monostyla_PercentOfTotal","Monostyla_totalbiomass_ug","Monostyla_density_NopL","Monostyla_BiomassConcentration_ugpL","Monostyla_PercentOftotalbiomassConcentration","LecaneMeanSize_mm","LecaneSESize_mm","LecaneCount_n","Lecane_PercentOfTotal","Lecane_totalbiomass_ug","Lecane_density_NopL","Lecane_BiomassConcentration_ugpL","Lecane_PercentOftotalbiomassConcentration","HexarthraMeanSize_mm","HexarthraSESize_mm","HexarthraCount_n","Hexarthra_PercentOfTotal","Hexarthra_totalbiomass_ug","Hexarthra_density_NopL","Hexarthra_BiomassConcentration_ugpL","Hexarthra_PercentOftotalbiomassConcentration","PolyarthraMeanSize_mm","PolyarthraSESize_mm","PolyarthraCount_n","Polyarthra_PercentOfTotal","Polyarthra_totalbiomass_ug","Polyarthra_density_NopL","Polyarthra_BiomassConcentration_ugpL","Polyarthra_PercentOftotalbiomassConcentration","AsplanchnaMeanSize_mm","AsplanchnaSESize_mm","AsplanchnaCount_n","Asplanchna_PercentOfTotal","Asplanchna_totalbiomass_ug","Asplanchna_density_NopL","Asplanchna_BiomassConcentration_ugpL","Asplanchna_PercentOftotalbiomassConcentration","AscomorphaMeanSize_mm","AscomorphaSESize_mm","AscomorphaCount_n","Ascomorpha_PercentOfTotal","Ascomorpha_totalbiomass_ug","Ascomorpha_density_NopL","Ascomorpha_BiomassConcentration_ugpL","Ascomorpha_PercentOftotalbiomassConcentration"
"B03Dec24_10m","BVR_2024","BVR_50",2024-12-03,"12:10",10,1000,120,"HLW",4.37795261940238,729.658769900397,0.006,80,747.965348559744,0.266416040100251,0.224179807961609,120,81.1232741941489,529.427345523656,0.896842105263158,0.206460743922818,5,4.16666666666667,37.0100378564269,31.165222856656,230.685215545764,0,0.285106382978723,0.174266823775744,47,39.1666666666667,38.7072261532327,292.953094852566,241.263865845696,0,0.670175438596491,0.186605978790623,6,5,7.1493449650972,37.3982674279872,44.5621858232731,0,0.672368421052632,0.346909585321322,8,6.66666666666667,38.8189868426919,49.8643565706496,241.960475204418,0,0.302786377708978,0.0396538715112024,17,14.1666666666667,10.256558136034,105.96175771263,63.9295840103498,0,0.124137931034483,0.0189514010630949,65,54.1666666666667,3.59706119822433,405.147897136528,22.4206427743383,0,0.113684210526316,0.00470751153157851,5,4.16666666666667,0.0885120279924187,31.165222856656,0.551699415575661,0,0.105263157894737,NA,1,0.833333333333333,0.00349905233999125,6.2330445713312,0.0218097491925862,0,0.341435406698565,0.245879252265891,55,45.8333333333333,77.5262129959246,342.817451423216,483.224341050114,0,0.176315789473684,0.0284913107354897,24,20,21.3013230521015,149.593069711949,132.772096012073,0,NA,NA,0,0,0,0,0,0,0.896842105263158,0.206460743922818,5,4.16666666666667,37.0100378564269,31.165222856656,230.685215545764,0,0.298245614035088,0.00607737125462763,3,2.5,1.80894898626497,18.6991337139936,11.2752596586539,0,0.126315789473684,0.0105263157894737,9,7.5,0.369639889196676,56.0974011419808,2.30398190470481,0,NA,NA,0,0,0,0,0,0,NA,NA,0,0,0,0,0,0,0.210526315789474,NA,1,0.833333333333333,0.485201924478787,6.2330445713312,3.02428522137196,0,NA,NA,0,0,0,0,0,0,NA,NA,0,0,0,0,0,0,NA,NA,0,0,0,0,0,0,0.121457489878543,0.00694973991340552,49,40.8333333333333,2.48011537900793,305.419183995229,15.4586696994004,0,NA,NA,0,0,0,0,0,0,NA,NA,0,0,0,0,0,0
"B04Dec23_9m","BVR_2023","BVR_50",2023-12-04,"11:17",9,1000,295,"HLW",3.94015735746214,656.692892910357,0.006,80,2043.05349838078,0.276315789473684,0.185646639390377,295,85.249788472238,618.175372476185,0.694736842105263,0.122756881996743,7,2.3728813559322,25.621512512341,48.4792355547982,177.444477193713,0,0.34406015037594,0.163925517302484,35,11.864406779661,29.9466067896054,242.396177773991,207.3983720886,0,0.556578947368421,0.212132034355964,8,2.71186440677966,6.67603458072053,55.4048406340551,46.2355790015327,0,0.435627530364373,0.180588804236698,26,8.8135593220339,45.2618375854186,180.065732060679,313.465612278075,0,0.330827067669173,0.0406036458102987,14,4.74576271186441,10.320010916332,96.9584711095965,71.4723200201352,0,0.12484700122399,0.0181714410040671,234,79.3220338983051,10.041344097214,1620.59158854611,69.5423836822314,0,0.107894736842105,0.0157894736842105,4,1.35593220338983,0.0630529231666424,27.7024203170276,0.436679644944893,0,NA,NA,0,0,0,0,0,0,0.383088869715272,0.175785047622866,61,20.6779661016949,75.208444375024,422.46190983467,520.863984366675,0,0.22753036437247,0.055457213430589,13,4.40677966101695,12.9505612925529,90.0328660303396,89.690473066932,0,NA,NA,0,0,0,0,0,0,0.694736842105263,0.122756881996743,7,2.3728813559322,25.621512512341,48.4792355547982,177.444477193713,0,0.34016620498615,0.0674061144166032,19,6.4406779661017,19.6403250730776,131.586496505881,136.021135084363,0,0.127017543859649,0.015646807430678,159,53.8983050847458,6.79809418282549,1101.17120760185,47.0809156018429,0,NA,NA,0,0,0,0,0,0,NA,NA,0,0,0,0,0,0,NA,NA,0,0,0,0,0,0,NA,NA,0,0,0,0,0,0,0.126315789473684,NA,1,0.338983050847458,0.0201545414783496,6.92560507925689,0.139582394832552,0,NA,NA,0,0,0,0,0,0,0.124912280701754,0.0238271930216699,56,18.9830508474576,3.4087102298683,387.833884438386,23.6073808816908,0,NA,NA,0,0,0,0,0,0,0.128947368421053,0.00744322927564787,14,4.74576271186441,0.363334596880012,96.9584711095965,2.51631192962196,0
"B04Nov24_10m","BVR_2024","BVR_50",2024-11-04,"11:00",10,1000,159,"HLW",6.56692892910357,729.658769900397,0.009,80,660.702724561107,0.301832358674464,0.205174833977847,159,150.516292452708,654.867068773933,0.712280701754386,0.136976991550478,12,7.54716981132075,48.7438986072951,49.8643565706496,202.54859506648,0,0.310275689223058,0.169491495146944,108,67.9245283018868,90.2961956327221,448.779209135846,375.213474666932,0,0.525263157894737,0.181323639212701,20,12.5786163522013,14.2007639315854,83.1072609510827,59.0093296883497,0,0.678542510121457,0.178875908570581,13,8.17610062893082,49.204237422098,54.0197196182037,204.461469966866,0,0.330434782608696,0.0854419019819989,34,21.3836477987421,26.8719055067429,141.282343616841,111.662523160086,0,0.154293628808864,0.072528069223384,38,23.8993710691824,10.3861157603149,157.903795807057,43.1580816380322,0,0.110526315789474,0.00607737125462764,4,2.51572327044025,0.0652503280361569,16.6214521902165,0.271138801962232,0,0.105263157894737,0,8,5.0314465408805,0.02799241871993,33.2429043804331,0.11631866236046,0,0.359631036353771,0.211520025466917,121,76.1006289308176,148.985443589439,502.79892875405,619.088606915016,0,0.194094993581515,0.0528966368073435,54,33.9622641509434,49.8532698319667,224.389604567923,207.1584352595,0,0.610526315789474,NA,1,0.628930817610063,3.5811474817349,4.15536304755413,14.8809679134427,0,0.721531100478469,0.139676209374117,11,6.91823899371069,45.1627511255602,45.7089935230955,187.667627153037,0,0.273684210526316,NA,1,0.628930817610063,0.460338814802859,4.15536304755413,1.91287490038666,0,0.128070175438597,0.0224944848067714,6,3.77358490566038,0.271409826505322,24.9321782853248,1.12780636380329,0,0.126315789473684,NA,1,0.628930817610063,0.052401807843709,4.15536304755413,0.217748535938781,0,NA,NA,0,0,0,0,0,0,0.307368421052632,0.0583237691671371,5,3.14465408805031,8.16752529523254,20.7768152377707,33.939032801773,0,NA,NA,0,0,0,0,0,0,NA,NA,0,0,0,0,0,0,NA,NA,0,0,0,0,0,0,0.153383458646617,0.047564020035613,14,8.80503144654088,1.80153608397726,58.1750826657579,7.48603647219447,0,NA,NA,0,0,0,0,0,0,NA,NA,0,0,0,0,0,0
"B05Mar24_9m","BVR_2024","BVR_50",2024-03-05,"10:50",9,1000,138,"HLW",8.53700760783464,656.692892910357,0.013,80,441.107769663439,0.317416267942584,0.236191224801171,138,118.96383425967,398.144976468582,0.663659147869674,0.196040478336875,21,15.2173913043478,76.5673477371056,67.1250953835668,244.742405719997,0,0.431157894736842,0.152039990851413,25,18.1159420289855,31.4373221380531,79.9108278375795,100.487297481939,0,0.551578947368421,0.0814004839123419,5,3.6231884057971,3.4105978335266,15.9821655675159,10.9017478519266,0,0.573684210526316,0.234615918293391,28,20.2898550724638,82.7772375365539,89.500127178089,264.591903106159,0,0.412742382271468,0.146386828956106,19,13.768115942029,27.1302549803143,60.7322291565604,86.7200453968613,0,0.141643582640813,0.045583330609297,85,61.5942028985507,4.74927458506304,271.69681464777,15.1807385488146,0,0.12046783625731,0.00554785554415505,9,6.52173913043478,0.189886572386645,28.7678980215286,0.606959727786292,0,0.105263157894737,0,4,2.89855072463768,0.013996209359965,12.7857324540127,0.0447379470617153,0,0.506454816285998,0.210735325168946,53,38.4057971014493,114.214559674607,169.410955015669,365.079200588099,0,0.178947368421053,NA,1,0.72463768115942,0.896469324212143,3.19643311350318,2.86550423315151,0,NA,NA,0,0,0,0,0,0,0.663659147869674,0.196040478336875,21,15.2173913043478,76.5673477371056,67.1250953835668,244.742405719997,0,0.352631578947368,0.0818755220321265,2,1.44927536231884,2.21825146457912,6.39286622700636,7.09049243545762,0,0.142105263157895,0.0133610054488841,16,11.5942028985507,0.939761481265491,51.1429298160509,3.00388471751181,0,0.139473684210526,0.0237050868728338,23,16.6666666666667,1.75171541040968,73.5179616105731,5.59924114326732,0,NA,NA,0,0,0,0,0,0,NA,NA,0,0,0,0,0,0,NA,NA,0,0,0,0,0,0,NA,NA,0,0,0,0,0,0,NA,NA,0,0,0,0,0,0,0.113157894736842,0.0169731742069443,21,15.2173913043478,0.906217816008165,67.1250953835668,2.89666463513503,0,0.222105263157895,0.0461373489784603,12,8.69565217391304,1.31259596325995,38.3571973620382,4.19562520161471,0,NA,NA,0,0,0,0,0,0
"B07Apr25_7m","BVR_2025","BVR_50",2025-04-07,"12:30",7,1000,153,"HLW",2.04304455572111,510.761138930278,0.004,80,74.8882346063164,0.172089314194577,0.095970242284748,153,96.1244100551199,47.0495906640626,0.547368421052632,0.0297729171025915,2,1.30718954248366,3.71132001440545,0.978931171324397,1.8165634244308,0,0.204210526315789,0.0614779602222158,99,64.7058823529412,89.3997118753715,48.4570929805577,43.7580823311105,0,NA,NA,0,0,0,0,0,0,0.487719298245614,0.105438450535556,3,1.96078431372549,4.87851656361378,1.4683967569866,2.38786596697196,0,0.347368421052632,0.0182321137638829,3,1.96078431372549,2.42973715393854,1.4683967569866,1.18927271905773,0,0.114194577352472,0.0287217538133321,51,33.3333333333333,1.13229988787128,24.9627448687721,0.554221827762157,0,0.110526315789474,0.0113697205235226,15,9.80392156862745,0.249601399620936,7.34198378493298,0.122171295247566,0,0.105263157894737,0,16,10.4575163398693,0.05598483743986,7.83144937059518,0.0274026512457041,0,0.229984051036683,0.104739526946586,102,66.6666666666667,98.814318517909,49.9254897375443,48.3662082851794,0,0.188304093567251,0.0395298745367795,96,62.7450980392157,87.6838564496963,46.9886962235711,42.9182301502707,0,NA,NA,0,0,0,0,0,0,0.547368421052632,0.0297729171025915,2,1.30718954248366,3.71132001440545,0.978931171324397,1.8165634244308,0,0.368421052631579,NA,1,0.65359477124183,1.16719654920834,0.489465585662199,0.571302542541156,0,NA,NA,0,0,0,0,0,0,0.115789473684211,0.0105263157894737,11,7.18954248366013,0.451328765126112,5.38412144228418,0.220909898348649,0,NA,NA,0,0,0,0,0,0,NA,NA,0,0,0,0,0,0,NA,NA,0,0,0,0,0,0,NA,NA,0,0,0,0,0,0,NA,NA,0,0,0,0,0,0,0.102255639097744,0.00513631617341334,7,4.57516339869281,0.210904213442193,3.42625909963539,0.103230354351108,0,0.221052631578947,0,2,1.30718954248366,0.193780247849541,0.978931171324397,0.0948487625034415,0,NA,NA,0,0,0,0,0,0
"B10Mar25_8m","BVR_2025","BVR_50",2025-03-10,"10:45",8,1000,162,"HLW",3.5023620955219,583.727015920317,0.006,80,46.2544978450778,0.264507422402159,0.224750881819427,162,93.8055599031054,26.7835127678673,0.699415204678363,0.225771138447735,9,5.55555555555556,38.4040448465491,2.56969432472654,10.9651840098579,0,0.278289473684211,0.192912345138408,50,30.8641975308642,50.526447814637,14.2760795818141,14.4263917997627,0,0.847368421052632,0.156307814788605,2,1.23456790123457,3.91888498221233,0.571043183272565,1.11892627756079,0,0.66421052631579,0.240213816727929,10,6.17283950617284,39.3749116416441,2.85521591636283,11.2423874424602,0,0.392631578947368,0.0804802452012392,10,6.17283950617284,11.3172906490999,2.85521591636283,3.23133083914142,0,0.141228070175439,0.0433189731972067,102,62.962962962963,6.70304578704379,29.1232023469008,1.91386430192762,0,0.117894736842105,0.00443828443532404,16,9.87654320987654,0.315844058900714,4.56834546618052,0.0901802984061958,0,0.107894736842105,0.00526315789473684,4,2.46913580246914,0.0151543956845021,1.14208636654513,0.00432690717612506,0,0.370175438596491,0.261689527711393,60,37.037037037037,102.445483204302,17.131295498177,29.2503974204405,0,0.164210526315789,0.0411809911745184,38,23.4567901234568,32.4914268431053,10.8498204821787,9.27700390677727,0,NA,NA,0,0,0,0,0,0,0.699415204678363,0.225771138447735,9,5.55555555555556,38.4040448465491,2.56969432472654,10.9651840098579,0,0.347368421052632,NA,1,0.617283950617284,0.970866795095012,0.285521591636283,0.277203432602344,0,NA,NA,0,0,0,0,0,0,0.165789473684211,0.045969312383858,33,20.3703703703704,4.78023210380522,9.42221252399732,1.36485947866932,0,NA,NA,0,0,0,0,0,0,NA,NA,0,0,0,0,0,0,NA,NA,0,0,0,0,0,0,NA,NA,0,0,0,0,0,0,NA,NA,0,0,0,0,0,0,0.125263157894737,0.0115842624696275,45,27.7777777777778,2.53403469893571,12.8484716236327,0.723521620501691,0,0.223684210526316,0.0406548428991455,4,2.46913580246914,0.431260965155271,1.14208636654513,0.123134317181732,0,NA,NA,0,0,0,0,0,0
"B11Jul22_8.4m","BVR_2022","BVR_50",2022-07-11,"11:56",8.4,1000,225,"HLW",3.06456683358167,612.913366716333,0.005,80,2003.4786122136,0.202146142054165,0.0938191908400345,225,131.561091388239,1226.56431708005,0.332894736842105,0.085689549260071,8,3.55555555555556,5.22451777558788,71.234795100928,46.5209316556448,0,0.204210526315789,0.0800248703497749,76,33.7777777777778,52.9442854823122,676.730553458816,471.434416012193,0,NA,NA,0,0,0,0,0,0,0.332894736842105,0.085689549260071,8,3.55555555555556,5.22451777558788,71.234795100928,46.5209316556448,0,0.283709273182957,0.0559457781104065,23,10.2222222222222,12.3260855500236,204.800035915168,109.755772319055,0,0.176608187134503,0.0912403377839356,141,62.6666666666667,70.9205473295427,1255.51326365386,631.501332183205,0,0.107894736842105,0.0100781800816457,4,1.77777777777778,0.0614573552996064,35.617397550464,0.547237764026549,0,0.108771929824561,0.00543576609994024,6,2.66666666666667,0.0233106866890217,53.426096325696,0.207566498744299,0,0.221960072595281,0.0917087517419704,84,37.3333333333333,58.0125500238349,747.965348559744,516.564014278777,0,0.146642468239564,0.0282634217490601,53,23.5555555555556,43.0899407330848,471.930517543648,383.687887379053,0,0.332894736842105,0.085689549260071,8,3.55555555555556,5.22451777558788,71.234795100928,46.5209316556448,0,NA,NA,0,0,0,0,0,0,NA,NA,0,0,0,0,0,0,NA,NA,0,0,0,0,0,0,0.110526315789474,0.00607737125462764,22,9.77777777777778,0.777566409097536,195.895686527552,6.92372297867842,0,0.137894736842105,0.0175087367717539,83,36.8888888888889,5.8985543082082,739.060999172128,52.5227884421134,0,0.319298245614035,0.0428952994552198,16,7.11111111111111,28.2837140496671,142.469590201856,251.848071877659,0,NA,NA,0,0,0,0,0,0,NA,NA,0,0,0,0,0,0,0.142857142857143,0.0147081711790689,8,3.55555555555556,0.479203549038802,71.234795100928,4.26699582842707,0,0.105263157894737,0,2,0.888888888888889,0.0653156436798367,17.808698775232,0.581593311802299,0,NA,NA,0,0,0,0,0,0,NA,NA,0,0,0,0,0,0
"B12May25_6m","BVR_2025","BVR_50",2025-05-12,"11:05",6,1000,100,"HLW",3.06456683358167,437.795261940238,0.007,80,32.6310390441466,0.229778393351801,0.122242973257614,100,78.3380412164144,25.5625168157478,0.552631578947368,0.0669890634808309,2,2,3.85361806178377,0.652620780882932,1.25747561435295,0,0.251214574898785,0.108074507964443,76,76,70.0081656417674,24.7995896735514,22.8443918646559,0,0.578947368421053,NA,1,1,0.7449057954447,0.326310390441466,0.243070500953671,0,0.36390977443609,0.144949718139823,7,7,7.77222590041844,2.28417273309026,2.53615806816482,0,0.34671052631579,0.104238433264939,16,16,14.4795498237992,5.22096624706345,4.72482755642058,0,0.108978328173375,0.0082726868209829,17,17,0.259181804927832,5.54727663750492,0.0845737159613247,0,0.112280701754386,0.00526315789473684,9,9,0.153762356028576,2.93679351397319,0.0501742544308842,0,0.105263157894737,0,5,5,0.0174952616999563,1.63155195220733,0.00570888567618835,0,0.264585191793042,0.117451487653112,83,83,78.319010680131,27.0837624066417,25.5563069540229,0,0.198195488721805,0.0488075645377536,59,59,55.0821778918243,19.2523130360465,17.9738869742474,0,NA,NA,0,0,0,0,0,0,0.552631578947368,0.0669890634808309,2,2,3.85361806178377,0.652620780882932,1.25747561435295,0,0.357894736842105,0.0744322927564787,2,2,2.28564659589519,0.652620780882932,0.745830233117766,0,0.126315789473684,NA,1,1,0.0403090829566992,0.326310390441466,0.013153272597938,0,NA,NA,0,0,0,0,0,0,NA,NA,0,0,0,0,0,0,NA,NA,0,0,0,0,0,0,NA,NA,0,0,0,0,0,0,NA,NA,0,0,0,0,0,0,NA,NA,0,0,0,0,0,0,0.0947368421052632,0,2,2,0.047615104242601,0.652620780882932,0.0155373032563142,0,NA,NA,0,0,0,0,0,0,NA,NA,0,0,0,0,0,0
"B14Aug23_10m","BVR_2023","BVR_50",2023-08-14,"11:25",10,1000,115,"HLW",8.75590523880476,729.658769900397,0.012,80,358.400062851544,0.194677705499704,0.100491408998793,115,63.2651246295212,206.440675191871,NA,NA,0,0,0,0,0,0,0.235551142005958,0.102311374571414,68,59.1304347826087,54.2154063625211,211.923515425261,168.963522155214,0,0.368421052631579,NA,1,0.869565217391304,0.245028457511775,3.1165222856656,0.763636648457715,0,NA,NA,0,0,0,0,0,0,0.309839816933638,0.103127917085348,28,24.3478260869565,20.2663233469981,87.2626239986368,63.1604483594246,0,0.134502923976608,0.0598698554823705,47,40.8695652173913,8.64388861350051,146.476547426283,26.9388714987855,0,0.111004784688995,0.00549718913544309,15,13.0434782608696,0.247847420111599,46.747834284984,0.772422008222522,0,NA,NA,0,0,0,0,0,0,0.235551142005958,0.102311374571414,68,59.1304347826087,54.2154063625211,211.923515425261,168.963522155214,0,0.172050816696915,0.0417537831786136,39,33.9130434782609,34.1098842115109,121.544369140958,106.304214306647,0,NA,NA,0,0,0,0,0,0,NA,NA,0,0,0,0,0,0,NA,NA,0,0,0,0,0,0,0.108771929824561,0.00607737125462764,3,2.60869565217391,0.0777022889634058,9.3495668569968,0.242160915201682,0,0.136842105263158,NA,1,0.869565217391304,0.0666242892549935,3.1165222856656,0.207636082229818,0,0.118266253869969,0.00792049461638763,24,20.8695652173913,1.0454246288689,74.7965348559744,3.25808915385361,0,0.326315789473684,0,3,2.60869565217391,5.42049394955533,9.3495668569968,16.8930901931047,0,NA,NA,0,0,0,0,0,0,NA,NA,0,0,0,0,0,0,NA,NA,0,0,0,0,0,0,0.168421052631579,NA,1,0.869565217391304,0.133766438256306,3.1165222856656,0.416886085899888,0,NA,NA,0,0,0,0,0,0,NA,NA,0,0,0,0,0,0
"B14Jun23_9m","BVR_2023","BVR_50",2023-06-14,"11:30",9,1000,163,"HLW",3.28346446455179,656.692892910357,0.005,80,1354.64835350265,0.219023462270133,0.153472147211799,163,112.402908453414,978.086318511733,0.563157894736842,0.248727138223822,4,2.45398773006135,11.7473196942275,33.2429043804331,97.6287563303957,0,0.24053751399776,0.149348881462483,109,66.8711656441718,100.442370439029,905.869144366801,834.749029062168,0,NA,NA,0,0,0,0,0,0,0.563157894736842,0.248727138223822,4,2.45398773006135,11.7473196942275,33.2429043804331,97.6287563303957,0,0.320823798627002,0.17624956451682,23,14.1104294478528,22.8583649801551,191.14670018749,189.969610332084,0,0.144407894736842,0.0385821795249069,50,30.6748466257669,4.5121519171891,415.536304755413,37.4992586832762,0,0.113875598086124,0.00425810439450469,17,10.4294478527607,0.302372834630015,141.282343616841,2.51293780721152,0,0.105263157894737,0,3,1.84049079754601,0.0104971570199738,24.9321782853248,0.0872389967703449,0,0.265841073271414,0.178623150714606,113,69.3251533742331,121.989776232323,939.112048747234,1013.82361667038,0,0.16359649122807,0.0476830806607536,86,52.760736196319,73.2850718618427,714.722444179311,609.052159104101,0,0.449122807017544,0.121547425092553,3,1.84049079754601,4.80082505254349,24.9321782853248,39.8983420422227,0,0.905263157894737,NA,1,0.613496932515337,6.946494641684,8.31072609510827,57.730414288173,0,NA,NA,0,0,0,0,0,0,0.0947368421052632,NA,1,0.613496932515337,0.0170053943723575,8.31072609510827,0.141327174767959,0,0.126315789473684,NA,1,0.613496932515337,0.052401807843709,8.31072609510827,0.435497071877562,0,NA,NA,0,0,0,0,0,0,NA,NA,0,0,0,0,0,0,NA,NA,0,0,0,0,0,0,NA,NA,0,0,0,0,0,0,NA,NA,0,0,0,0,0,0,0.180350877192982,0.0248036744493995,27,16.5644171779141,4.65846193322642,224.389604567923,38.7152011515333,0,NA,NA,0,0,0,0,0,0,0.126315789473684,NA,1,0.613496932515337,0.0241854497740195,8.31072609510827,0.200998648558875,0
"B16Nov22_8m","BVR_2022","BVR_50",2022-11-16,"11:10",8,1000,209,"HLW",1.75118104776095,583.727015920317,0.003,80,119.348025303966,0.273157894736842,0.214144218785995,209,96.8848612720004,55.325439591684,0.741353383458647,0.205272797151728,7,3.34928229665072,33.1637297878827,3.99730228290796,18.9379218272637,0,0.301385041551247,0.216465596600318,38,18.1818181818182,40.2038938297808,21.6996409643575,22.9581595125102,0,0.754385964912281,0.34821799351335,3,1.43540669856459,5.33398319919744,1.7131295498177,3.04593474559209,0,0.453894736842105,0.215046216768072,25,11.9617224880383,51.2978112182015,14.2760795818141,29.2932654129569,0,0.334072022160665,0.181673154822872,19,9.09090909090909,20.628192038012,10.8498204821787,11.7795884465442,0,0.122048364153627,0.0112224381322807,146,69.8564593301435,5.38315622401816,83.3723047577945,3.07401466621685,0,0.115789473684211,NA,1,0.478468899521531,0.0186289546581134,0.571043183272565,0.0106379375690094,0,0.111578947368421,0.00543576609994024,40,19.1387559808612,0.167758565388541,22.8417273309026,0.095797385200711,0,0.361904761904762,0.226983486731489,63,30.1435406698565,91.5017050479823,35.9757205461716,52.2514249254671,0,0.177631578947368,0.0328121770968591,16,7.6555023923445,14.2417185925713,9.13669093236104,8.132636320374,0,NA,NA,0,0,0,0,0,0,0.741353383458647,0.205272797151728,7,3.34928229665072,33.1637297878827,3.99730228290796,18.9379218272637,0,0.342105263157895,0.0561951486949016,18,8.61244019138756,18.1340814303189,10.2787772989062,10.3553435856932,0,0.12280701754386,0.00911605688194146,22,10.5263157894737,0.826756086893133,12.5629500319964,0.472113427649424,0,0.128744939271255,0.0114939834547193,79,37.799043062201,4.4808514360694,45.1124114785326,2.55875966782451,0,NA,NA,0,0,0,0,0,0,NA,NA,0,0,0,0,0,0,NA,NA,0,0,0,0,0,0,NA,NA,0,0,0,0,0,0,NA,NA,0,0,0,0,0,0,0.126315789473684,0.0085947008518708,4,1.91387559808612,0.22808222772999,2.28417273309026,0.130244801370832,0,NA,NA,0,0,0,0,0,0,NA,NA,0,0,0,0,0,0
"B17Oct23_9m","BVR_2023","BVR_50",2023-10-17,"11:45",9,1000,197,"HLW",4.5968502503725,656.692892910357,0.007,80,1169.43788624024,0.332301341589267,0.205929543504592,197,195.401893006065,1214.50796190115,0.55,0.0765724661150709,4,2.03045685279188,8.3079401073552,23.7449317003093,49.3178676048525,0,0.402923976608187,0.232861095122759,54,27.4111675126904,78.4880390274499,320.556577954176,465.923281499503,0,0.790977443609023,0.104634715514527,7,3.55329949238579,11.5410887628486,41.5536304755413,68.5105911052621,0,0.343859649122807,0.105908950197522,122,61.9289340101523,114.651497366864,724.220416859435,680.597993578595,0,0.447744360902256,0.175239235097777,28,14.2131979695431,49.3762679993241,166.214521902165,293.10902781503,0,0.135839598997494,0.0412954709548445,21,10.6598984771574,2.26235661175099,124.660891426624,13.4298758069426,0,0.115789473684211,0,11,5.58375634517767,0.204918501239248,65.2985621758507,1.21644395401392,0,NA,NA,0,0,0,0,0,0,0.383235867446394,0.200882938705845,176,89.3401015228426,225.674872443305,1044.77699481361,1339.65860816058,0,0.193905817174515,0.0463258614080152,19,9.64467005076142,17.5706822652772,112.788425576469,104.303662579211,0,0.526315789473684,NA,1,0.50761421319797,2.24377621905068,5.93623292507734,13.3195782680342,0,0.557894736842105,0.0917662935482247,3,1.52284263959391,6.06416388830452,17.808698775232,35.9982893368183,0,0.308009153318078,0.058195598534487,118,59.8984771573604,87.5547273076774,700.475485159126,519.745254990002,0,NA,NA,0,0,0,0,0,0,0.142690058479532,0.0223985005873749,9,4.56852791878173,0.726044029741945,53.426096325696,4.30996647440996,0,NA,NA,0,0,0,0,0,0,0.294736842105263,NA,1,0.50761421319797,1.33139408076979,5.93623292507734,7.90346537851871,0,NA,NA,0,0,0,0,0,0,NA,NA,0,0,0,0,0,0,NA,NA,0,0,0,0,0,0,NA,NA,0,0,0,0,0,0,NA,NA,0,0,0,0,0,0,NA,NA,0,0,0,0,0,0
"B18Aug22_6.5m","BVR_2022","BVR_50",2022-08-18,"10:52",6.5,1000,309,"HLW",1.42283460130577,474.278200435258,0.003,80,217.172115238428,0.209191994069681,0.0924696050976998,309,155.502542999689,109.290667275719,NA,NA,0,0,0,0,0,0,0.232432432432432,0.098975309554328,150,48.5436893203884,121.61513207149,105.423356911858,85.4738364950365,0,NA,NA,0,0,0,0,0,0,0.259649122807018,0.0403127203265827,61,19.7411003236246,25.7223991833797,42.8721651441557,18.0782777982582,0,0.328947368421053,0.0742832790079046,70,22.6537216828479,53.4801515927571,49.1975665588671,37.5870473937568,0,0.12409972299169,0.0390056379929958,98,31.7152103559871,8.58812710154158,68.876593182414,6.03592792420147,0,0.108771929824561,0.0121547425092553,3,0.970873786407767,0.0474611459396414,2.10846713823716,0.0333567555189373,0,0.105263157894737,0,3,0.970873786407767,0.0104971570199738,2.10846713823716,0.00737763687384341,0,0.240283400809717,0.0866950602685705,211,68.284789644013,147.389908603024,148.295522056014,103.588926265752,0,0.158897243107769,0.0190943892223804,80,25.8899676375405,67.7118651220107,56.225790352991,47.5894141595023,0,NA,NA,0,0,0,0,0,0,NA,NA,0,0,0,0,0,0,0.259649122807018,0.0403127203265827,61,19.7411003236246,25.7223991833797,42.8721651441557,18.0782777982582,0,NA,NA,0,0,0,0,0,0,0.111842105263158,0.00783182956992468,87,28.1553398058252,3.20584662487243,61.1455470088777,2.25314075292401,0,0.142105263157895,0.0223296878269436,2,0.647249190938511,0.154749088788453,1.40564475882478,0.1087611227942,0,0.273684210526316,NA,1,0.323624595469256,1.0659886280799,0.702822379412388,0.749200664013659,0,NA,NA,0,0,0,0,0,0,NA,NA,0,0,0,0,0,0,0.131578947368421,0.00744322927564787,2,0.647249190938511,0.0915585362297711,1.40564475882478,0.0643493882885231,0,NA,NA,0,0,0,0,0,0,NA,NA,0,0,0,0,0,0,NA,NA,0,0,0,0,0,0
"B18Sep23_9m","BVR_2023","BVR_50",2023-09-18,"11:20",9,1000,383,"HLW",5.91023603619321,656.692892910357,0.009,80,1768.33783023693,0.18687306501548,0.123708533654364,383,150.456802512319,727.342488479548,0.602631578947368,0.238706115167338,4,1.0443864229765,12.476054017263,18.4682802113517,57.6028153806933,0,0.198432250839866,0.0751722490572387,148,38.6422976501306,121.823032523033,683.326367820013,562.465475207997,0,0.589473684210526,NA,1,0.261096605744125,0.778666845427737,4.61707005283793,3.59515937316218,0,0.602631578947368,0.238706115167338,4,1.0443864229765,12.476054017263,18.4682802113517,57.6028153806933,0,0.273684210526316,0.0526315789473684,7,1.82767624020888,3.4269127305902,32.3194903698655,15.8222961420971,0,0.121981424148607,0.0204240526346386,231,60.313315926893,9.99555263586701,1066.54318220556,46.1501667366268,0,0.114736842105263,0.00332871332649303,12,3.1331592689295,0.217988161539583,55.4048406340551,1.0064666125176,0,NA,NA,0,0,0,0,0,0,0.230134158926729,0.143745228730154,152,39.686684073107,152.486096385386,701.794648031365,704.038989095125,0,0.174898785425101,0.0277046662591133,140,36.5535248041775,123.779616283172,646.38980739731,571.499159492801,0,0.415789473684211,0.171194273339901,2,0.522193211488251,2.74941666489442,9.23414010567585,12.6942493462576,0,0.789473684210526,0.0446593756538872,2,0.522193211488251,9.72663735236858,9.23414010567585,44.9085660344357,0,NA,NA,0,0,0,0,0,0,NA,NA,0,0,0,0,0,0,0.106432748538012,0.0082287995786376,198,51.6971279373368,6.30926257471935,914.179870461909,29.1303072892278,0,0.142105263157895,0.0254234679757709,16,4.17754569190601,1.29738142586383,73.8731208454068,5.99010092846405,0,NA,NA,0,0,0,0,0,0,NA,NA,0,0,0,0,0,0,NA,NA,0,0,0,0,0,0,NA,NA,0,0,0,0,0,0,0.115789473684211,0,3,0.783289817232376,0.130402682606794,13.8512101585138,0.602078320673558,0,NA,NA,0,0,0,0,0,0,0.136842105263158,0,2,0.522193211488251,0.0614993439276863,9.23414010567585,0.2839467791177,0
"B19Aug24_10m","BVR_2024","BVR_50",2024-08-19,"9:30",10,1000,114,"HLW",3.64829384950198,729.658769900397,0.005,80,852.680497358108,0.217127564674398,0.101923394169599,114,81.2570493801536,636.360468224625,0.386842105263158,0.0623380370772154,8,7.01754385964912,7.34908673789317,59.8372278847795,54.9686222350406,0,0.202870813397129,0.0775640084785886,99,86.8421052631579,64.8075562920488,740.485695074147,484.738064312875,0,NA,NA,0,0,0,0,0,0,0.386842105263158,0.0623380370772154,8,7.01754385964912,7.34908673789317,59.8372278847795,54.9686222350406,0,0.261152882205514,0.0749972518513352,22,19.2982456140351,10.3591305015358,164.552376683144,77.4827065635709,0,0.112781954887218,0.0131954351690107,7,6.14035087719298,0.224375564951159,52.3575743991821,1.67825147646983,0,0.0947368421052632,NA,1,0.87719298245614,0.0102032366234145,7.47965348559744,0.0763166743746977,0,NA,NA,0,0,0,0,0,0,0.231174089068826,0.100489520191371,107,93.859649122807,74.3906081657863,800.322922958926,556.415971662937,0,0.149656750572082,0.0210422275103214,77,67.5438596491228,63.3244565757734,575.933318391003,473.644992350548,0,0.386842105263158,0.0623380370772154,8,7.01754385964912,7.34908673789317,59.8372278847795,54.9686222350406,0,NA,NA,0,0,0,0,0,0,NA,NA,0,0,0,0,0,0,0.126315789473684,NA,1,0.87719298245614,0.0403090829566992,7.47965348559744,0.301497972838312,0,NA,NA,0,0,0,0,0,0,0.113157894736842,0.0132453235706504,4,3.50877192982456,0.155234290712932,29.9186139423898,1.16109870361523,0,NA,NA,0,0,0,0,0,0,0.115789473684211,NA,1,0.87719298245614,0.0186289546581134,7.47965348559744,0.139338125641595,0,NA,NA,0,0,0,0,0,0,NA,NA,0,0,0,0,0,0,NA,NA,0,0,0,0,0,0,NA,NA,0,0,0,0,0,0,NA,NA,0,0,0,0,0,0
"B20May24_10m","BVR_2024","BVR_50",2024-05-20,"12:19",10,1000,336,"HLW",5.10761138930278,729.658769900397,0.007,80,1795.11683654339,0.202172096908939,0.103915975662487,336,72.615067706651,406.20087591927,0.673684210526316,NA,1,0.297619047619048,3.19365581564655,5.3426096325696,17.0624563237852,0,0.224256292906179,0.0796381340349938,86,25.5952380952381,63.4888543845399,459.464428400986,339.196164995652,0,NA,NA,0,0,0,0,0,0,0.673684210526316,NA,1,0.297619047619048,3.19365581564655,5.3426096325696,17.0624563237852,0,0.292105263157895,0.0502943660276047,36,10.7142857142857,20.3580803016615,192.333946772506,108.765275920282,0,0.109210526315789,0.00848658710347216,249,74.1071428571429,5.50735070710016,1330.30979850983,29.4236249376923,0,0.121052631578947,0.00744322927564786,2,0.595238095238095,0.042814404432133,10.6852192651392,0.228740649531844,0,0.107894736842105,0.00526315789473684,4,1.19047619047619,0.0151543956845021,21.3704385302784,0.0809640203597922,0,0.233818589025756,0.102478878838688,87,25.8928571428571,68.7722236664018,464.807038033555,367.42314461335,0,0.172064777327935,0.054569972987378,50,14.8809523809524,43.5559808822428,267.13048162848,232.702603017488,0,NA,NA,0,0,0,0,0,0,0.673684210526316,NA,1,0.297619047619048,3.19365581564655,5.3426096325696,17.0624563237852,0,NA,NA,0,0,0,0,0,0,0.115789473684211,NA,1,0.297619047619048,0.0310482577635224,5.3426096325696,0.165878721001899,0,0.105263157894737,0.00795714680019426,241,71.7261904761905,7.41797929727366,1287.56892144927,39.6313676478161,0,NA,NA,0,0,0,0,0,0,NA,NA,0,0,0,0,0,0,NA,NA,0,0,0,0,0,0,NA,NA,0,0,0,0,0,0,NA,NA,0,0,0,0,0,0,NA,NA,0,0,0,0,0,0,NA,NA,0,0,0,0,0,0,0.115789473684211,NA,1,0.297619047619048,0.0186289546581134,5.3426096325696,0.0995272326011391,0
"B22Jul24_10m","BVR_2024","BVR_50",2024-07-22,"9:58",10,1000,246,"HLW",2.18897630970119,729.658769900397,0.003,80,3066.65792909495,0.221665815022994,0.126073255659811,246,140.518695402161,1834.10841444018,0.440526315789474,0.0811259875984789,20,8.13008130081301,28.5036004810313,249.321782853248,355.328424483372,0,0.201435406698565,0.0594414903643573,151,61.3821138211382,97.3741254048099,1882.37946054202,1213.87452748515,0,NA,NA,0,0,0,0,0,0,0.431077694235589,0.0901507626438975,21,8.53658536585366,28.8172315966041,261.78787199591,359.238177928014,0,0.254736842105263,0.0403512786523046,45,18.2926829268293,18.4773045139789,560.974011419808,230.339725187379,0,0.129362880886427,0.0345156885022573,74,30.0813008130081,4.17628880502759,922.490596557018,52.061988528977,0,0.108421052631579,0.00508469359515419,10,4.0650406504065,0.153860329494095,124.660891426624,1.9180365829928,0,0.105263157894737,NA,1,0.40650406504065,0.00349905233999125,12.4660891426624,0.0436194983851724,0,0.275627530364372,0.128945922490447,172,69.9186991869919,151.336578715293,2144.16733253793,1886.57528081039,0,0.157017543859649,0.0270455638430012,106,43.0894308943089,89.0478704865501,1321.40544912221,1110.07869144959,0,0.440526315789474,0.0811259875984789,20,8.13008130081301,28.5036004810313,249.321782853248,355.328424483372,0,NA,NA,0,0,0,0,0,0,0.242105263157895,NA,1,0.40650406504065,0.31363111557278,12.4660891426624,3.90975344464293,0,NA,NA,0,0,0,0,0,0,0.105263157894737,0.00607737125462764,43,17.479674796748,1.31515714493991,536.041833134483,16.3948662054303,0,0.148070175438597,0.0431205902715708,15,6.09756097560976,1.60883860621082,186.991337139936,20.0559254811808,0,NA,NA,0,0,0,0,0,0,NA,NA,0,0,0,0,0,0,NA,NA,0,0,0,0,0,0,NA,NA,0,0,0,0,0,0,NA,NA,0,0,0,0,0,0,0.153684210526316,0.00941502306315701,5,2.03252032520325,0.164287400495699,62.330445713312,2.04802137959567,0,NA,NA,0,0,0,0,0,0
"B22May23_10m","BVR_2023","BVR_50",2023-05-22,"10:55",10,1000,253,"HLW",2.18897630970119,729.658769900397,0.003,80,3153.92055309359,0.289668615984405,0.248503059117769,253,126.064740063075,1645.44938203536,0.742583732057416,0.131335660250702,11,4.34782608695652,48.1313369838795,137.126980569286,600.009537396566,0,0.294473684210526,0.20227398911815,61,24.1106719367589,83.0324788218837,760.431437702407,1035.09028272983,0,NA,NA,0,0,0,0,0,0,0.659109311740891,0.236453422255569,13,5.13833992094862,48.4794592179138,162.059158854611,604.34926019858,0,0.44953560371517,0.224310723407263,17,6.71936758893281,34.0329822646152,211.923515425261,424.258190701341,0,0.111278195488722,0.0165641219467251,179,70.7509881422925,4.49838672859434,2231.42995653657,56.0772899568266,0,0.115789473684211,0,5,1.97628458498024,0.0931447732905672,62.330445713312,1.16115104701329,0,0.106315789473684,0.00332871332649303,52,20.5533596837945,0.187973290567138,648.236635418445,2.34329179664953,0,0.383912611717974,0.262059275786044,74,29.2490118577075,143.709377117983,922.490596557018,1791.49390578926,0,0.179862700228833,0.0602114166192301,44,17.3913043478261,39.0539118519516,548.507922277146,486.849546516109,0,NA,NA,0,0,0,0,0,0,0.742583732057416,0.131335660250702,11,4.34782608695652,48.1313369838795,137.126980569286,600.009537396566,0,0.2,0.0148864585512957,2,0.790513833992095,0.348122234034355,24.9321782853248,4.33972280201505,0,0.105263157894737,NA,1,0.395256916996047,0.0233270155999417,12.4660891426624,0.29079665590115,0,0.106315789473684,0.00776699776181707,119,47.0355731225296,3.77360641492929,1483.46460797683,47.0421139578312,0,NA,NA,0,0,0,0,0,0,NA,NA,0,0,0,0,0,0,NA,NA,0,0,0,0,0,0,NA,NA,0,0,0,0,0,0,NA,NA,0,0,0,0,0,0,0.152631578947368,0.0521026049295351,2,0.790513833992095,0.233927977839335,24.9321782853248,2.91616702470791,0,NA,NA,0,0,0,0,0,0,NA,NA,0,0,0,0,0,0
"B23Sep24_9m","BVR_2024","BVR_50",2024-09-23,"11:23",9,1000,124,"HLW",3.28346446455179,656.692892910357,0.005,80,1030.53003579343,0.295296752519597,0.202238490217048,124,169.958508829956,1478.91273000406,0.540852130325815,0.103215676109543,38,30.6451612903226,97.3455629236923,315.807591614114,809.012310032933,0,0.273464912280702,0.183384673591018,61,49.1935483870968,69.4845139834508,506.954291801604,577.46676356818,0,0.421052631578947,0,2,1.61290322580645,0.680623141649772,16.6214521902165,5.65647250424333,0,0.51395881006865,0.13279446874159,40,32.258064516129,94.5143987207431,332.429043804331,785.483279811948,0,0.393684210526316,0.220944439952668,32,25.8064516129032,50.2459135195836,265.943235043465,417.580024659756,0,0.122196796338673,0.032636074768976,23,18.5483870967742,1.0566298294212,191.14670018749,8.78136109624055,0,0.105263157894737,NA,1,0.806451612903226,0.013996209359965,8.31072609510827,0.11631866236046,0,0.105263157894737,0,11,8.87096774193548,0.0384895757399038,91.4179870461909,0.319876321491264,0,0.351371386212009,0.2024102194653,101,81.4516129032258,155.087801856363,839.383335605935,1288.89224192065,0,0.169635627530364,0.0400915211242456,27,21.7741935483871,23.4609436185585,224.389604567923,194.977476346618,0,0.526842105263158,0.0829177077612968,37,29.8387096774194,89.5823673601273,307.496865519006,744.494518081386,0,0.821052631578947,NA,1,0.806451612903226,5.37333086629595,8.31072609510827,44.6562810481765,0,0.231578947368421,0.0148864585512957,2,1.61290322580645,0.549547122386845,16.6214521902165,4.56713561051201,0,NA,NA,0,0,0,0,0,0,0.110526315789474,0.00744322927564787,2,1.61290322580645,0.0706878553725033,16.6214521902165,0.587467404251502,0,0.113157894736842,0.0132453235706504,4,3.2258064516129,0.155234290712932,33.2429043804331,1.29010967068359,0,NA,NA,0,0,0,0,0,0,NA,NA,0,0,0,0,0,0,NA,NA,0,0,0,0,0,0,0.136842105263158,0,2,1.61290322580645,0.102498906546144,16.6214521902165,0.851840337353101,0,0.2,0.0105263157894737,3,2.41935483870968,0.675722991689751,24.9321782853248,5.61574870010064,0,NA,NA,0,0,0,0,0,0,NA,NA,0,0,0,0,0,0
"B24Apr23_9m","BVR_2023","BVR_50",2023-04-24,"11:18",9,1000,454,"HLW",1.97007867873107,656.692892910357,0.003,80,6288.44941196526,0.222433132010354,0.230639845551049,454,72.2467818907863,1047.77224919653,1.10526315789474,0.178637502615549,2,0.440528634361233,24.1424357737917,27.7024203170276,334.40195164121,0,0.44093567251462,0.305963101555885,9,1.98237885462555,23.7891367886945,124.660891426624,329.50833314984,0,NA,NA,0,0,0,0,0,0,0.6,0.469985559983281,5,1.10132158590308,25.3771371240663,69.2560507925689,351.504059526864,0,0.739473684210526,0.151416823630338,4,0.881057268722467,19.1555434902154,55.4048406340551,265.327458583525,0,0.140425531914894,0.0467813400505208,440,96.9162995594714,23.0805079780255,6094.53246974606,319.692966568885,0,0.115789473684211,0,303,66.7400881057269,5.64457326140837,4196.91667802968,78.1841704988949,0,0.106072874493927,0.00291947471697489,103,22.6872246696035,0.369578790359662,1426.67464632692,5.11911349540099,0,0.497744360902256,0.363082866659741,14,3.08370044052863,49.1662739127608,193.916942219193,681.012392676704,0,0.202105263157895,0.0980135102903981,5,1.10132158590308,4.63359329847909,69.2560507925689,64.1808745663149,0,NA,NA,0,0,0,0,0,0,1.10526315789474,0.178637502615549,2,0.440528634361233,24.1424357737917,27.7024203170276,334.40195164121,0,0.263157894736842,0.0182321137638829,3,0.66079295154185,1.23470135027458,41.5536304755413,17.102107885654,0,0.115789473684211,0.0148864585512957,2,0.440528634361233,0.0636360985566409,27.7024203170276,0.881436974775929,0,NA,NA,0,0,0,0,0,0,NA,NA,0,0,0,0,0,0,0.221052631578947,NA,1,0.220264317180617,0.561681877824756,13.8512101585138,7.77997373197936,0,NA,NA,0,0,0,0,0,0,NA,NA,0,0,0,0,0,0,NA,NA,0,0,0,0,0,0,0.127485380116959,0.0308891523888755,9,1.98237885462555,0.613346551975507,124.660891426624,8.49559199141254,0,0.213397129186603,0.0170324175780188,22,4.84581497797357,1.95037800262429,304.726623487303,27.0150956028914,0,NA,NA,0,0,0,0,0,0
"B24Jul23_9m","BVR_2023","BVR_50",2023-07-24,"13:52",9,1000,164,"HLW",3.28346446455179,656.692892910357,0.005,80,1362.95907959776,0.267644521138913,0.157783106929982,164,147.579187258692,1284.17659241114,0.631578947368421,NA,1,0.609756097560976,2.69508561982227,8.31072609510827,22.398118389208,0,0.294019138755981,0.162509434744483,123,75,138.959695347594,1022.21930969832,1154.85596629354,0,NA,NA,0,0,0,0,0,0,0.447368421052632,0.260513024647675,2,1.21951219512195,3.10224387373085,16.6214521902165,25.7818991148047,0,0.4,0.147041153446704,66,40.2439024390244,89.4260993798579,548.507922277146,743.19581769993,0,0.166315789473684,0.054143691920229,39,23.780487804878,6.05769750692521,324.118317709222,50.3438647470756,0,NA,NA,0,0,0,0,0,0,NA,NA,0,0,0,0,0,0,0.300686498855835,0.166563619836212,125,76.219512195122,143.509247785503,1038.84076188853,1192.66605046034,0,0.166842105263158,0.0488115053633776,57,34.7560975609756,48.9931464981776,473.711387421171,407.168621083867,0,NA,NA,0,0,0,0,0,0,0.631578947368421,NA,1,0.609756097560976,2.69508561982227,8.31072609510827,22.398118389208,0,0.263157894736842,NA,1,0.609756097560976,0.407158253908578,8.31072609510827,3.38378072559674,0,0.147368421052632,NA,1,0.609756097560976,0.06400933080624,8.31072609510827,0.531964015861836,0,0.114035087719298,0.00792392266009559,30,18.2926829268293,1.17070126840647,249.321782853248,9.72937758092203,0,0.221052631578947,0.0246863987359128,5,3.04878048780488,1.44787286776498,41.5536304755413,12.0328748245337,0,NA,NA,0,0,0,0,0,0,NA,NA,0,0,0,0,0,0,0.126315789473684,NA,1,0.609756097560976,0.0201545414783496,8.31072609510827,0.167498873799062,0,NA,NA,0,0,0,0,0,0,0.215789473684211,0.00744322927564787,2,1.21951219512195,0.563706662778831,16.6214521902165,4.68481167234243,0,NA,NA,0,0,0,0,0,0,NA,NA,0,0,0,0,0,0
"B29Apr24_10m","BVR_2024","BVR_50",2024-04-29,"11:10",10,1000,480,"HLW",2.91863507960159,729.658769900397,0.004,80,4487.79209135846,0.219233268356075,0.193278967673039,480,164.116761430507,1606.59013501132,0.743157894736842,0.0834173168680377,5,1.04166666666667,21.1279464690059,46.747834284984,197.53714806302,0,0.244812030075188,0.187838538779346,156,32.5,151.092179148984,1458.5324296915,1412.64643052276,0,0.78421052631579,0.0669890634808309,2,0.416666666666667,3.16358526259959,18.6991337139936,29.5781519204847,0,0.743157894736842,0.0834173168680377,5,1.04166666666667,21.1279464690059,46.747834284984,197.53714806302,0,0.387134502923977,0.150693482606964,9,1.875,11.2252280280949,84.1461017129712,104.951019933708,0,0.133504492939666,0.0401133452548647,319,66.4583333333333,10.7266436191011,2982.51182738198,100.289471667964,0,0.105263157894737,0.0148864585512957,2,0.416666666666667,0.0288321912815279,18.6991337139936,0.269568500020366,0,0.108421052631579,0.00508469359515419,155,32.2916666666667,0.59620877678962,1449.1828628345,5.57429381932283,0,0.307105263157895,0.24358390802764,161,33.5416666666667,221.483002086551,1505.28026397649,2070.77013569657,0,0.146491228070175,0.0273995012164007,145,30.2083333333333,117.873358051705,1355.68719426454,1102.06484176314,0,NA,NA,0,0,0,0,0,0,0.743157894736842,0.0834173168680377,5,1.04166666666667,21.1279464690059,46.747834284984,197.53714806302,0,NA,NA,0,0,0,0,0,0,0.114832535885167,0.00317380362713435,39,8.125,1.18350673965195,364.633107422875,11.0652753880822,0,0.105263157894737,0,105,21.875,3.18413762939204,981.704519984664,29.7703076478802,0,0.110526315789474,0.00744322927564787,4,0.833333333333333,0.141375710745007,37.3982674279872,1.32180165956588,0,NA,NA,0,0,0,0,0,0,NA,NA,0,0,0,0,0,0,NA,NA,0,0,0,0,0,0,0.105263157894737,NA,1,0.208333333333333,0.0233270155999417,9.3495668569968,0.218097491925862,0,0.105263157894737,NA,1,0.208333333333333,0.0326578218399184,9.3495668569968,0.305336488696207,0,0.194258373205742,0.0267805843440563,11,2.29166666666667,0.759480052485785,102.845235426965,7.10080952727129,0,0.136842105263158,NA,1,0.208333333333333,0.0307496719638431,9.3495668569968,0.287496113856671,0
"B2Jun25_7m","BVR_2025","BVR_50",2025-06-02,"11:00",7,1000,400,"HLW",3.06456683358167,510.761138930278,0.006,80,130.524156176586,0.199687337154768,0.121773191337957,400,107.810034999088,35.1795346140606,0.547368421052632,NA,1,0.25,1.8497948757313,0.326310390441466,0.603607288136502,0,0.249255213505462,0.134561715402642,84,21,70.8406991927411,27.4100727970831,23.1160562127298,0,0.578947368421053,0.327502088128506,2,0.5,1.91642739574791,0.652620780882932,0.625350171759222,0,0.326315789473684,0.192087237798891,3,0.75,2.58021248441512,0.978931171324397,0.841950143211442,0,0.332057416267943,0.0974399803548733,22,5.5,18.0486585225121,7.17882858971225,5.88946480942561,0,0.132865497076023,0.0447882557865717,313,78.25,34.0950361017965,102.135152208179,11.1255645424931,0,0.113684210526316,0.00443828443532404,18,4.5,0.318643300772707,5.87358702794638,0.1039766198867,0,0.108421052631579,0.00508469359515419,31,7.75,0.119241755357924,10.1156221036854,0.0389098237477699,0,0.253383458646617,0.136994499506063,87,21.75,73.4486940505602,28.3890039684075,23.9670720330541,0,0.163702359346642,0.0440873873097351,60,15,51.1697004946167,19.5786234264879,16.6972049471712,0,NA,NA,0,0,0,0,0,0,0.547368421052632,NA,1,0.25,1.8497948757313,0.326310390441466,0.603607288136502,0,NA,NA,0,0,0,0,0,0,0.136842105263158,NA,1,0.25,0.0512494532730719,0.326310390441466,0.0167232291074477,0,0.115789473684211,0.0110957110883101,229,57.25,9.472233270156,74.7250794110957,3.09088813673725,0,0.121052631578947,0.0223296878269436,2,0.5,0.0969494095349177,0.652620780882932,0.0316355996784085,0,0.368421052631579,NA,1,0.25,2.6003790640035,0.326310390441466,0.848530707670795,0,NA,NA,0,0,0,0,0,0,NA,NA,0,0,0,0,0,0,NA,NA,0,0,0,0,0,0,0.168421052631579,0.0199722799589582,31,7.75,4.29530517303079,10.1156221036854,1.40160270807693,0,NA,NA,0,0,0,0,0,0,NA,NA,0,0,0,0,0,0
"B30Jun25_7m","BVR_2025","BVR_50",2025-06-30,"9:15",7,1000,287,"HLW",4.08608911144222,510.761138930278,0.008,80,70.2383115425255,0.166687306501548,0.0873754724156251,287,59.9121865516855,14.6624767394118,0.273684210526316,NA,1,0.348432055749129,0.286015831793215,0.244732792831099,0.0699974533086634,0,0.217076023391813,0.0902245132973439,74,25.7839721254355,49.4846507340707,18.1102266695014,12.1105167764206,0,0.36140350877193,0.0607737125462764,3,1.04529616724739,0.725194868251837,0.734198378493298,0.177478965454053,0,0.273684210526316,NA,1,0.348432055749129,0.286015831793215,0.244732792831099,0.0699974533086634,0,0.292397660818713,0.0450308033627893,18,6.27177700348432,10.1182659080684,4.40519027095979,2.47627147428927,0,0.105802968960864,0.0183832168538749,212,73.8675958188153,6.2754808692304,51.8833520801931,1.53581595948489,0,0.0926315789473684,0.00815364914991035,76,26.4808362369338,0.740768975069252,18.5996922551635,0.181290460111329,0,NA,NA,0,0,0,0,0,0,0.218306636155606,0.0896059506061841,75,26.1324041811847,49.5294019077382,18.3549594623324,12.1214688561348,0,0.142543859649123,0.0282756117032077,53,18.4668989547038,42.5072290743417,12.9708380200483,10.4029128868749,0,0.273684210526316,NA,1,0.348432055749129,0.286015831793215,0.244732792831099,0.0699974533086634,0,NA,NA,0,0,0,0,0,0,NA,NA,0,0,0,0,0,0,NA,NA,0,0,0,0,0,0,0.109473684210526,0.00576550060531754,101,35.191637630662,3.4683567867036,24.718012075941,0.84882064294467,0,0.125438596491228,0.0122578963461191,28,9.75609756097561,1.47651999805608,6.85251819927078,0.361352862795234,0,NA,NA,0,0,0,0,0,0,NA,NA,0,0,0,0,0,0,NA,NA,0,0,0,0,0,0,NA,NA,0,0,0,0,0,0,0.0977443609022556,0.0198928670004856,7,2.4390243902439,0.203752150459251,1.7131295498177,0.0498648328272348,0,NA,NA,0,0,0,0,0,0,NA,NA,0,0,0,0,0,0
"F07Apr25_9m","FCR_2025","FCR_50",2025-04-07,"13:30",9,1000,140,"HLW",11.1637791794761,656.692892910357,0.017,80,227.445468679609,0.172932330827068,0.0966012231288867,140,45.4455297348175,76.8075766637905,0.71578947368421,NA,1,0.714285714285714,3.74570196392085,1.62461049056864,6.08530670512936,0,0.204074702886248,0.0610573149658505,41,29.2857142857143,36.253112945159,66.6090301133141,58.897187606475,0,NA,NA,0,0,0,0,0,0,0.385263157894737,0.193036674999174,5,3.57142857142857,6.70135206364645,8.12305245284318,10.8870868635938,0,0.328947368421053,0.0424329355173608,4,2.85714285714286,2.90405137181436,6.49844196227455,4.71795232379984,0,0.113312693498452,0.0142075898742715,94,67.1428571428571,2.25668039415796,152.713386113452,3.66622664220958,0,0.109473684210526,0.0113154494712962,37,26.4285714285714,0.59854229479516,60.1105881510396,0.972398091173242,0,0.106315789473684,0.00332871332649303,20,14.2857142857143,0.0722974194488993,32.4922098113727,0.117455146077723,0,0.229239766081871,0.107203503333334,46,32.8571428571429,43.5878652112697,74.7320825661573,70.8133030837204,0,0.185575048732943,0.0365981685028621,37,26.4285714285714,33.5834459051988,60.1105881510396,54.5600185270303,0,NA,NA,0,0,0,0,0,0,0.71578947368421,NA,1,0.714285714285714,3.74570196392085,1.62461049056864,6.08530670512936,0,0.329824561403509,0.0425415987823935,3,2.14285714285714,2.56697550167397,4.87383147170591,4.17033532905223,0,0.147368421052632,0.0105263157894737,3,2.14285714285714,0.193987461729115,4.87383147170591,0.315154065363902,0,NA,NA,0,0,0,0,0,0,NA,NA,0,0,0,0,0,0,NA,NA,0,0,0,0,0,0,0.136842105263158,NA,1,0.714285714285714,0.0307496719638431,1.62461049056864,0.0499562396540038,0,NA,NA,0,0,0,0,0,0,NA,NA,0,0,0,0,0,0,0.111578947368421,0.00736006209242212,33,23.5714285714286,1.2988538270885,53.612146188765,2.11013155320319,0,NA,NA,0,0,0,0,0,0,NA,NA,0,0,0,0,0,0
