"Reservoir","Site","DateTime","StartDepth_m","EndDepth_m","Rep","CollectionMethod","Taxon","Density_IndPerL","MeanLength_mm","MeanWeight_ug","Biomass_ugL","Flag_MeanLength_mm","Flag_MeanWeight_ug","Flag_Biomass_ugL"
"BVR",50,2024-12-03 12:10:00,10,0,1,"Tow","Copepoda",292.953094852566,0.285106382978723,38.7072261532327,241.263865845696,0,0,0
"BVR",50,2024-12-03 12:10:00,10,0,1,"Tow","Calanoida",37.3982674279872,0.670175438596491,7.1493449650972,44.5621858232731,0,0,0
"BVR",50,2024-12-03 12:10:00,10,0,1,"Tow","Cladocera",49.8643565706496,0.672368421052632,38.8189868426919,241.960475204418,0,0,0
"BVR",50,2024-12-03 12:10:00,10,0,1,"Tow","Cyclopoida",105.96175771263,0.302786377708978,10.256558136034,63.9295840103498,0,0,0
"BVR",50,2024-12-03 12:10:00,10,0,1,"Tow","Rotifera",405.147897136528,0.124137931034483,3.59706119822433,22.4206427743383,0,0,0
"BVR",50,2024-12-03 12:10:00,10,0,1,"Tow","Keratella",31.165222856656,0.113684210526316,0.0885120279924187,0.551699415575661,0,0,0
"BVR",50,2024-12-03 12:10:00,10,0,1,"Tow","Kellicottia",6.2330445713312,0.105263157894737,0.00349905233999125,0.0218097491925862,0,0,0
"BVR",50,2024-12-03 12:10:00,10,0,1,"Tow","Crustacea",342.817451423216,0.341435406698565,77.5262129959246,483.224341050114,0,0,0
"BVR",50,2024-12-03 12:10:00,10,0,1,"Tow","nauplius",149.593069711949,0.176315789473684,21.3013230521015,132.772096012073,0,0,0
"BVR",50,2024-12-03 12:10:00,10,0,1,"Tow","Ceriodaphnia",0,0,0,0,0,0,0
"BVR",50,2024-12-03 12:10:00,10,0,1,"Tow","Daphnia",31.165222856656,0.896842105263158,37.0100378564269,230.685215545764,0,0,0
"BVR",50,2024-12-03 12:10:00,10,0,1,"Tow","Bosmina",18.6991337139936,0.298245614035088,1.80894898626497,11.2752596586539,0,0,0
"BVR",50,2024-12-03 12:10:00,10,0,1,"Tow","Ploima",405.147897136528,0.124137931034483,3.59706119822433,22.4206427743383,0,0,0
"BVR",50,2024-12-03 12:10:00,10,0,1,"Tow","Gastropidae",56.0974011419808,0.126315789473684,0.369639889196676,2.30398190470481,0,0,0
"BVR",50,2024-12-03 12:10:00,10,0,1,"Tow","Conochilus",0,0,0,0,0,0,0
"BVR",50,2024-12-03 12:10:00,10,0,1,"Tow","Conochiloides",0,0,0,0,0,0,0
"BVR",50,2024-12-03 12:10:00,10,0,1,"Tow","Synchaetidae",305.419183995229,0.121457489878543,2.48011537900793,15.4586696994004,0,0,0
"BVR",50,2024-12-03 12:10:00,10,0,1,"Tow","Trichocercidae",6.2330445713312,0.210526315789474,0.485201924478787,3.02428522137196,0,0,0
"BVR",50,2024-12-03 12:10:00,10,0,1,"Tow","Monostyla",0,0,0,0,0,0,0
"BVR",50,2024-12-03 12:10:00,10,0,1,"Tow","Lecane",0,0,0,0,0,0,0
"BVR",50,2024-12-03 12:10:00,10,0,1,"Tow","Hexarthra",0,0,0,0,0,0,0
"BVR",50,2024-12-03 12:10:00,10,0,1,"Tow","Polyarthra",305.419183995229,0.121457489878543,2.48011537900793,15.4586696994004,0,0,0
"BVR",50,2023-12-04 11:17:00,9,0,1,"Tow","Copepoda",242.396177773991,0.34406015037594,29.9466067896054,207.3983720886,0,0,0
"BVR",50,2023-12-04 11:17:00,9,0,1,"Tow","Calanoida",55.4048406340551,0.556578947368421,6.67603458072053,46.2355790015327,0,0,0
"BVR",50,2023-12-04 11:17:00,9,0,1,"Tow","Cladocera",180.065732060679,0.435627530364373,45.2618375854186,313.465612278075,0,0,0
"BVR",50,2023-12-04 11:17:00,9,0,1,"Tow","Cyclopoida",96.9584711095965,0.330827067669173,10.320010916332,71.4723200201352,0,0,0
"BVR",50,2023-12-04 11:17:00,9,0,1,"Tow","Rotifera",1620.59158854611,0.12484700122399,10.041344097214,69.5423836822314,0,0,0
"BVR",50,2023-12-04 11:17:00,9,0,1,"Tow","Keratella",27.7024203170276,0.107894736842105,0.0630529231666424,0.436679644944893,0,0,0
"BVR",50,2023-12-04 11:17:00,9,0,1,"Tow","Kellicottia",0,0,0,0,0,0,0
"BVR",50,2023-12-04 11:17:00,9,0,1,"Tow","Crustacea",422.46190983467,0.383088869715272,75.208444375024,520.863984366675,0,0,0
"BVR",50,2023-12-04 11:17:00,9,0,1,"Tow","nauplius",90.0328660303396,0.22753036437247,12.9505612925529,89.690473066932,0,0,0
"BVR",50,2023-12-04 11:17:00,9,0,1,"Tow","Ceriodaphnia",0,0,0,0,0,0,0
"BVR",50,2023-12-04 11:17:00,9,0,1,"Tow","Daphnia",48.4792355547982,0.694736842105263,25.621512512341,177.444477193713,0,0,0
"BVR",50,2023-12-04 11:17:00,9,0,1,"Tow","Bosmina",131.586496505881,0.34016620498615,19.6403250730776,136.021135084363,0,0,0
"BVR",50,2023-12-04 11:17:00,9,0,1,"Tow","Ploima",1620.59158854611,0.12484700122399,10.041344097214,69.5423836822314,0,0,0
"BVR",50,2023-12-04 11:17:00,9,0,1,"Tow","Gastropidae",1198.12967871144,0.127688787185355,6.38557599345829,44.2239775342756,0,0,0
"BVR",50,2023-12-04 11:17:00,9,0,1,"Tow","Conochilus",0,0,0,0,0,0,0
"BVR",50,2023-12-04 11:17:00,9,0,1,"Tow","Conochiloides",0,0,0,0,0,0,0
"BVR",50,2023-12-04 11:17:00,9,0,1,"Tow","Synchaetidae",387.833884438386,0.124912280701754,3.4087102298683,23.6073808816908,0,0,0
"BVR",50,2023-12-04 11:17:00,9,0,1,"Tow","Trichocercidae",0,0,0,0,0,0,0
"BVR",50,2023-12-04 11:17:00,9,0,1,"Tow","Monostyla",0,0,0,0,0,0,0
"BVR",50,2023-12-04 11:17:00,9,0,1,"Tow","Lecane",6.92560507925689,0.126315789473684,0.0201545414783496,0.139582394832552,0,0,0
"BVR",50,2023-12-04 11:17:00,9,0,1,"Tow","Hexarthra",0,0,0,0,0,0,0
"BVR",50,2023-12-04 11:17:00,9,0,1,"Tow","Polyarthra",387.833884438386,0.124912280701754,3.4087102298683,23.6073808816908,0,0,0
"BVR",50,2024-11-04 11:00:00,10,0,1,"Tow","Copepoda",448.779209135846,0.310275689223058,90.2961956327221,375.213474666932,0,0,0
"BVR",50,2024-11-04 11:00:00,10,0,1,"Tow","Calanoida",83.1072609510827,0.525263157894737,14.2007639315854,59.0093296883497,0,0,0
"BVR",50,2024-11-04 11:00:00,10,0,1,"Tow","Cladocera",54.0197196182037,0.678542510121457,49.204237422098,204.461469966866,0,0,0
"BVR",50,2024-11-04 11:00:00,10,0,1,"Tow","Cyclopoida",141.282343616841,0.330434782608696,26.8719055067429,111.662523160086,0,0,0
"BVR",50,2024-11-04 11:00:00,10,0,1,"Tow","Rotifera",157.903795807057,0.154293628808864,10.3861157603149,43.1580816380322,0,0,0
"BVR",50,2024-11-04 11:00:00,10,0,1,"Tow","Keratella",16.6214521902165,0.110526315789474,0.0652503280361569,0.271138801962232,0,0,0
"BVR",50,2024-11-04 11:00:00,10,0,1,"Tow","Kellicottia",33.2429043804331,0.105263157894737,0.02799241871993,0.11631866236046,0,0,0
"BVR",50,2024-11-04 11:00:00,10,0,1,"Tow","Crustacea",502.79892875405,0.359631036353771,148.985443589439,619.088606915016,0,0,0
"BVR",50,2024-11-04 11:00:00,10,0,1,"Tow","nauplius",224.389604567923,0.194094993581515,49.8532698319667,207.1584352595,0,0,0
"BVR",50,2024-11-04 11:00:00,10,0,1,"Tow","Ceriodaphnia",4.15536304755413,0.610526315789474,3.5811474817349,14.8809679134427,0,0,0
"BVR",50,2024-11-04 11:00:00,10,0,1,"Tow","Daphnia",45.7089935230955,0.721531100478469,45.1627511255602,187.667627153037,0,0,0
"BVR",50,2024-11-04 11:00:00,10,0,1,"Tow","Bosmina",4.15536304755413,0.273684210526316,0.460338814802859,1.91287490038666,0,0,0
"BVR",50,2024-11-04 11:00:00,10,0,1,"Tow","Ploima",153.748432759503,0.155049786628734,10.3337139524712,42.9403331020934,0,0,0
"BVR",50,2024-11-04 11:00:00,10,0,1,"Tow","Gastropidae",24.9321782853248,0.128070175438597,0.271409826505322,1.12780636380329,0,0,0
"BVR",50,2024-11-04 11:00:00,10,0,1,"Tow","Conochilus",4.15536304755413,0.126315789473684,0.052401807843709,0.217748535938781,0,0,0
"BVR",50,2024-11-04 11:00:00,10,0,1,"Tow","Conochiloides",0,0,0,0,0,0,0
"BVR",50,2024-11-04 11:00:00,10,0,1,"Tow","Synchaetidae",58.1750826657579,0.153383458646617,1.80153608397726,7.48603647219447,0,0,0
"BVR",50,2024-11-04 11:00:00,10,0,1,"Tow","Trichocercidae",20.7768152377707,0.307368421052632,8.16752529523254,33.939032801773,0,0,0
"BVR",50,2024-11-04 11:00:00,10,0,1,"Tow","Monostyla",0,0,0,0,0,0,0
"BVR",50,2024-11-04 11:00:00,10,0,1,"Tow","Lecane",0,0,0,0,0,0,0
"BVR",50,2024-11-04 11:00:00,10,0,1,"Tow","Hexarthra",0,0,0,0,0,0,0
"BVR",50,2024-11-04 11:00:00,10,0,1,"Tow","Polyarthra",58.1750826657579,0.153383458646617,1.80153608397726,7.48603647219447,0,0,0
"BVR",50,2024-03-05 10:50:00,9,0,1,"Tow","Copepoda",79.9108278375795,0.431157894736842,31.4373221380531,100.487297481939,0,0,0
"BVR",50,2024-03-05 10:50:00,9,0,1,"Tow","Calanoida",15.9821655675159,0.551578947368421,3.4105978335266,10.9017478519266,0,0,0
"BVR",50,2024-03-05 10:50:00,9,0,1,"Tow","Cladocera",89.500127178089,0.573684210526316,82.7772375365539,264.591903106159,0,0,0
"BVR",50,2024-03-05 10:50:00,9,0,1,"Tow","Cyclopoida",60.7322291565604,0.412742382271468,27.1302549803143,86.7200453968613,0,0,0
"BVR",50,2024-03-05 10:50:00,9,0,1,"Tow","Rotifera",271.69681464777,0.141643582640813,4.74927458506304,15.1807385488146,0,0,0
"BVR",50,2024-03-05 10:50:00,9,0,1,"Tow","Keratella",28.7678980215286,0.12046783625731,0.189886572386645,0.606959727786292,0,0,0
"BVR",50,2024-03-05 10:50:00,9,0,1,"Tow","Kellicottia",12.7857324540127,0.105263157894737,0.013996209359965,0.0447379470617153,0,0,0
"BVR",50,2024-03-05 10:50:00,9,0,1,"Tow","Crustacea",169.410955015669,0.506454816285998,114.214559674607,365.079200588099,0,0,0
"BVR",50,2024-03-05 10:50:00,9,0,1,"Tow","nauplius",3.19643311350318,0.178947368421053,0.896469324212143,2.86550423315151,0,0,0
"BVR",50,2024-03-05 10:50:00,9,0,1,"Tow","Ceriodaphnia",0,0,0,0,0,0,0
"BVR",50,2024-03-05 10:50:00,9,0,1,"Tow","Daphnia",67.1250953835668,0.663659147869674,76.5673477371056,244.742405719997,0,0,0
"BVR",50,2024-03-05 10:50:00,9,0,1,"Tow","Bosmina",6.39286622700636,0.352631578947368,2.21825146457912,7.09049243545762,0,0,0
"BVR",50,2024-03-05 10:50:00,9,0,1,"Tow","Ploima",198.178853037197,0.141997851772288,3.25881533608457,10.4165852510527,0,0,0
"BVR",50,2024-03-05 10:50:00,9,0,1,"Tow","Gastropidae",51.1429298160509,0.142105263157895,0.939761481265491,3.00388471751181,0,0,0
"BVR",50,2024-03-05 10:50:00,9,0,1,"Tow","Conochilus",73.5179616105731,0.139473684210526,1.75171541040968,5.59924114326732,0,0,0
"BVR",50,2024-03-05 10:50:00,9,0,1,"Tow","Conochiloides",0,0,0,0,0,0,0
"BVR",50,2024-03-05 10:50:00,9,0,1,"Tow","Synchaetidae",67.1250953835668,0.113157894736842,0.906217816008165,2.89666463513503,0,0,0
"BVR",50,2024-03-05 10:50:00,9,0,1,"Tow","Trichocercidae",0,0,0,0,0,0,0
"BVR",50,2024-03-05 10:50:00,9,0,1,"Tow","Monostyla",0,0,0,0,0,0,0
"BVR",50,2024-03-05 10:50:00,9,0,1,"Tow","Lecane",0,0,0,0,0,0,0
"BVR",50,2024-03-05 10:50:00,9,0,1,"Tow","Hexarthra",0,0,0,0,0,0,0
"BVR",50,2024-03-05 10:50:00,9,0,1,"Tow","Polyarthra",67.1250953835668,0.113157894736842,0.906217816008165,2.89666463513503,0,0,0
"BVR",50,2025-04-07 12:30:00,7,0,1,"Tow","Copepoda",48.4570929805577,0.204210526315789,89.3997118753715,43.7580823311105,0,0,0
"BVR",50,2025-04-07 12:30:00,7,0,1,"Tow","Calanoida",0,0,0,0,0,0,0
"BVR",50,2025-04-07 12:30:00,7,0,1,"Tow","Cladocera",1.4683967569866,0.487719298245614,4.87851656361378,2.38786596697196,0,0,0
"BVR",50,2025-04-07 12:30:00,7,0,1,"Tow","Cyclopoida",1.4683967569866,0.347368421052632,2.42973715393854,1.18927271905773,0,0,0
"BVR",50,2025-04-07 12:30:00,7,0,1,"Tow","Rotifera",24.9627448687721,0.114194577352472,1.13229988787128,0.554221827762157,0,0,0
"BVR",50,2025-04-07 12:30:00,7,0,1,"Tow","Keratella",7.34198378493298,0.110526315789474,0.249601399620936,0.122171295247566,0,0,0
"BVR",50,2025-04-07 12:30:00,7,0,1,"Tow","Kellicottia",7.83144937059518,0.105263157894737,0.05598483743986,0.0274026512457041,0,0,0
"BVR",50,2025-04-07 12:30:00,7,0,1,"Tow","Crustacea",49.9254897375443,0.229984051036683,98.814318517909,48.3662082851794,0,0,0
"BVR",50,2025-04-07 12:30:00,7,0,1,"Tow","nauplius",46.9886962235711,0.188304093567251,87.6838564496963,42.9182301502707,0,0,0
"BVR",50,2025-04-07 12:30:00,7,0,1,"Tow","Ceriodaphnia",0,0,0,0,0,0,0
"BVR",50,2025-04-07 12:30:00,7,0,1,"Tow","Daphnia",0.978931171324397,0.547368421052632,3.71132001440545,1.8165634244308,0,0,0
"BVR",50,2025-04-07 12:30:00,7,0,1,"Tow","Bosmina",0.489465585662199,0.368421052631579,1.16719654920834,0.571302542541156,0,0,0
"BVR",50,2025-04-07 12:30:00,7,0,1,"Tow","Ploima",19.5786234264879,0.114035087719298,0.812766626816349,0.397821293001354,0,0,0
"BVR",50,2025-04-07 12:30:00,7,0,1,"Tow","Gastropidae",0,0,0,0,0,0,0
"BVR",50,2025-04-07 12:30:00,7,0,1,"Tow","Conochilus",5.38412144228418,0.115789473684211,0.451328765126112,0.220909898348649,0,0,0
"BVR",50,2025-04-07 12:30:00,7,0,1,"Tow","Conochiloides",0,0,0,0,0,0,0
"BVR",50,2025-04-07 12:30:00,7,0,1,"Tow","Synchaetidae",3.42625909963539,0.102255639097744,0.210904213442193,0.103230354351108,0,0,0
"BVR",50,2025-04-07 12:30:00,7,0,1,"Tow","Trichocercidae",0,0,0,0,0,0,0
"BVR",50,2025-04-07 12:30:00,7,0,1,"Tow","Monostyla",0,0,0,0,0,0,0
"BVR",50,2025-04-07 12:30:00,7,0,1,"Tow","Lecane",0,0,0,0,0,0,0
"BVR",50,2025-04-07 12:30:00,7,0,1,"Tow","Hexarthra",0,0,0,0,0,0,0
"BVR",50,2025-04-07 12:30:00,7,0,1,"Tow","Polyarthra",3.42625909963539,0.102255639097744,0.210904213442193,0.103230354351108,0,0,0
"BVR",50,2025-03-10 10:45:00,8,0,1,"Tow","Copepoda",14.2760795818141,0.278289473684211,50.526447814637,14.4263917997627,0,0,0
"BVR",50,2025-03-10 10:45:00,8,0,1,"Tow","Calanoida",0.571043183272565,0.847368421052632,3.91888498221233,1.11892627756079,0,0,0
"BVR",50,2025-03-10 10:45:00,8,0,1,"Tow","Cladocera",2.85521591636283,0.66421052631579,39.3749116416441,11.2423874424602,0,0,0
"BVR",50,2025-03-10 10:45:00,8,0,1,"Tow","Cyclopoida",2.85521591636283,0.392631578947368,11.3172906490999,3.23133083914142,0,0,0
"BVR",50,2025-03-10 10:45:00,8,0,1,"Tow","Rotifera",29.1232023469008,0.141228070175439,6.70304578704379,1.91386430192762,0,0,0
"BVR",50,2025-03-10 10:45:00,8,0,1,"Tow","Keratella",4.56834546618052,0.117894736842105,0.315844058900714,0.0901802984061958,0,0,0
"BVR",50,2025-03-10 10:45:00,8,0,1,"Tow","Kellicottia",1.14208636654513,0.107894736842105,0.0151543956845021,0.00432690717612506,0,0,0
"BVR",50,2025-03-10 10:45:00,8,0,1,"Tow","Crustacea",17.131295498177,0.370175438596491,102.445483204302,29.2503974204405,0,0,0
"BVR",50,2025-03-10 10:45:00,8,0,1,"Tow","nauplius",10.8498204821787,0.164210526315789,32.4914268431053,9.27700390677727,0,0,0
"BVR",50,2025-03-10 10:45:00,8,0,1,"Tow","Ceriodaphnia",0,0,0,0,0,0,0
"BVR",50,2025-03-10 10:45:00,8,0,1,"Tow","Daphnia",2.56969432472654,0.699415204678363,38.4040448465491,10.9651840098579,0,0,0
"BVR",50,2025-03-10 10:45:00,8,0,1,"Tow","Bosmina",0.285521591636283,0.347368421052632,0.970866795095012,0.277203432602344,0,0,0
"BVR",50,2025-03-10 10:45:00,8,0,1,"Tow","Ploima",19.7009898229035,0.134210526315789,2.97423691625185,0.849208858231617,0,0,0
"BVR",50,2025-03-10 10:45:00,8,0,1,"Tow","Gastropidae",0,0,0,0,0,0,0
"BVR",50,2025-03-10 10:45:00,8,0,1,"Tow","Conochilus",9.42221252399732,0.165789473684211,4.78023210380522,1.36485947866932,0,0,0
"BVR",50,2025-03-10 10:45:00,8,0,1,"Tow","Conochiloides",0,0,0,0,0,0,0
"BVR",50,2025-03-10 10:45:00,8,0,1,"Tow","Synchaetidae",12.8484716236327,0.125263157894737,2.53403469893571,0.723521620501691,0,0,0
"BVR",50,2025-03-10 10:45:00,8,0,1,"Tow","Trichocercidae",0,0,0,0,0,0,0
"BVR",50,2025-03-10 10:45:00,8,0,1,"Tow","Monostyla",0,0,0,0,0,0,0
"BVR",50,2025-03-10 10:45:00,8,0,1,"Tow","Lecane",0,0,0,0,0,0,0
"BVR",50,2025-03-10 10:45:00,8,0,1,"Tow","Hexarthra",0,0,0,0,0,0,0
"BVR",50,2025-03-10 10:45:00,8,0,1,"Tow","Polyarthra",12.8484716236327,0.125263157894737,2.53403469893571,0.723521620501691,0,0,0
"BVR",50,2022-07-11 11:56:00,8.4,0,1,"Tow","Copepoda",676.730553458816,0.204210526315789,52.9442854823122,471.434416012193,0,0,0
"BVR",50,2022-07-11 11:56:00,8.4,0,1,"Tow","Calanoida",0,0,0,0,0,0,0
"BVR",50,2022-07-11 11:56:00,8.4,0,1,"Tow","Cladocera",71.234795100928,0.332894736842105,5.22451777558788,46.5209316556448,0,0,0
"BVR",50,2022-07-11 11:56:00,8.4,0,1,"Tow","Cyclopoida",204.800035915168,0.283709273182957,12.3260855500236,109.755772319055,0,0,0
"BVR",50,2022-07-11 11:56:00,8.4,0,1,"Tow","Rotifera",1255.51326365386,0.176608187134503,70.9205473295427,631.501332183205,0,0,0
"BVR",50,2022-07-11 11:56:00,8.4,0,1,"Tow","Keratella",35.617397550464,0.107894736842105,0.0614573552996064,0.547237764026549,0,0,0
"BVR",50,2022-07-11 11:56:00,8.4,0,1,"Tow","Kellicottia",53.426096325696,0.108771929824561,0.0233106866890217,0.207566498744299,0,0,0
"BVR",50,2022-07-11 11:56:00,8.4,0,1,"Tow","Crustacea",747.965348559744,0.221960072595281,58.0125500238349,516.564014278777,0,0,0
"BVR",50,2022-07-11 11:56:00,8.4,0,1,"Tow","nauplius",471.930517543648,0.146642468239564,43.0899407330848,383.687887379053,0,0,0
"BVR",50,2022-07-11 11:56:00,8.4,0,1,"Tow","Ceriodaphnia",71.234795100928,0.332894736842105,5.22451777558788,46.5209316556448,0,0,0
"BVR",50,2022-07-11 11:56:00,8.4,0,1,"Tow","Daphnia",0,0,0,0,0,0,0
"BVR",50,2022-07-11 11:56:00,8.4,0,1,"Tow","Bosmina",0,0,0,0,0,0,0
"BVR",50,2022-07-11 11:56:00,8.4,0,1,"Tow","Ploima",249.321782853248,0.21359649122807,24.9233474267386,221.926193396621,0,0,0
"BVR",50,2022-07-11 11:56:00,8.4,0,1,"Tow","Gastropidae",0,0,0,0,0,0,0
"BVR",50,2022-07-11 11:56:00,8.4,0,1,"Tow","Conochilus",195.895686527552,0.110526315789474,0.777566409097536,6.92372297867842,0,0,0
"BVR",50,2022-07-11 11:56:00,8.4,0,1,"Tow","Conochiloides",739.060999172128,0.137894736842105,5.8985543082082,52.5227884421134,0,0,0
"BVR",50,2022-07-11 11:56:00,8.4,0,1,"Tow","Synchaetidae",17.808698775232,0.105263157894737,0.0653156436798367,0.581593311802299,0,0,0
"BVR",50,2022-07-11 11:56:00,8.4,0,1,"Tow","Trichocercidae",142.469590201856,0.319298245614035,28.2837140496671,251.848071877659,0,0,0
"BVR",50,2022-07-11 11:56:00,8.4,0,1,"Tow","Monostyla",0,0,0,0,0,0,0
"BVR",50,2022-07-11 11:56:00,8.4,0,1,"Tow","Lecane",0,0,0,0,0,0,0
"BVR",50,2022-07-11 11:56:00,8.4,0,1,"Tow","Hexarthra",71.234795100928,0.142857142857143,0.479203549038802,4.26699582842707,0,0,0
"BVR",50,2022-07-11 11:56:00,8.4,0,1,"Tow","Polyarthra",17.808698775232,0.105263157894737,0.0653156436798367,0.581593311802299,0,0,0
"BVR",50,2025-05-12 11:05:00,6,0,1,"Tow","Copepoda",24.7995896735514,0.251214574898785,70.0081656417674,22.8443918646559,0,0,0
"BVR",50,2025-05-12 11:05:00,6,0,1,"Tow","Calanoida",0.326310390441466,0.578947368421053,0.7449057954447,0.243070500953671,0,0,0
"BVR",50,2025-05-12 11:05:00,6,0,1,"Tow","Cladocera",2.28417273309026,0.36390977443609,7.77222590041844,2.53615806816482,0,0,0
"BVR",50,2025-05-12 11:05:00,6,0,1,"Tow","Cyclopoida",5.22096624706345,0.34671052631579,14.4795498237992,4.72482755642058,0,0,0
"BVR",50,2025-05-12 11:05:00,6,0,1,"Tow","Rotifera",5.54727663750492,0.108978328173375,0.259181804927832,0.0845737159613247,0,0,0
"BVR",50,2025-05-12 11:05:00,6,0,1,"Tow","Keratella",2.93679351397319,0.112280701754386,0.153762356028576,0.0501742544308842,0,0,0
"BVR",50,2025-05-12 11:05:00,6,0,1,"Tow","Kellicottia",1.63155195220733,0.105263157894737,0.0174952616999563,0.00570888567618835,0,0,0
"BVR",50,2025-05-12 11:05:00,6,0,1,"Tow","Crustacea",27.0837624066417,0.264585191793042,78.319010680131,25.5563069540229,0,0,0
"BVR",50,2025-05-12 11:05:00,6,0,1,"Tow","nauplius",19.2523130360465,0.198195488721805,55.0821778918243,17.9738869742474,0,0,0
"BVR",50,2025-05-12 11:05:00,6,0,1,"Tow","Ceriodaphnia",0,0,0,0,0,0,0
"BVR",50,2025-05-12 11:05:00,6,0,1,"Tow","Daphnia",0.652620780882932,0.552631578947368,3.85361806178377,1.25747561435295,0,0,0
"BVR",50,2025-05-12 11:05:00,6,0,1,"Tow","Bosmina",0.652620780882932,0.357894736842105,2.28564659589519,0.745830233117766,0,0,0
"BVR",50,2025-05-12 11:05:00,6,0,1,"Tow","Ploima",5.54727663750492,0.108978328173375,0.259181804927832,0.0845737159613247,0,0,0
"BVR",50,2025-05-12 11:05:00,6,0,1,"Tow","Gastropidae",0.326310390441466,0.126315789473684,0.0403090829566992,0.013153272597938,0,0,0
"BVR",50,2025-05-12 11:05:00,6,0,1,"Tow","Conochilus",0,0,0,0,0,0,0
"BVR",50,2025-05-12 11:05:00,6,0,1,"Tow","Conochiloides",0,0,0,0,0,0,0
"BVR",50,2025-05-12 11:05:00,6,0,1,"Tow","Synchaetidae",0.652620780882932,0.0947368421052632,0.047615104242601,0.0155373032563142,0,0,0
"BVR",50,2025-05-12 11:05:00,6,0,1,"Tow","Trichocercidae",0,0,0,0,0,0,0
"BVR",50,2025-05-12 11:05:00,6,0,1,"Tow","Monostyla",0,0,0,0,0,0,0
"BVR",50,2025-05-12 11:05:00,6,0,1,"Tow","Lecane",0,0,0,0,0,0,0
"BVR",50,2025-05-12 11:05:00,6,0,1,"Tow","Hexarthra",0,0,0,0,0,0,0
"BVR",50,2025-05-12 11:05:00,6,0,1,"Tow","Polyarthra",0.652620780882932,0.0947368421052632,0.047615104242601,0.0155373032563142,0,0,0
"BVR",50,2023-08-14 11:25:00,10,0,1,"Tow","Copepoda",211.923515425261,0.235551142005958,54.2154063625211,168.963522155214,0,0,0
"BVR",50,2023-08-14 11:25:00,10,0,1,"Tow","Calanoida",3.1165222856656,0.368421052631579,0.245028457511775,0.763636648457715,0,0,0
"BVR",50,2023-08-14 11:25:00,10,0,1,"Tow","Cladocera",0,0,0,0,0,0,0
"BVR",50,2023-08-14 11:25:00,10,0,1,"Tow","Cyclopoida",87.2626239986368,0.309839816933638,20.2663233469981,63.1604483594246,0,0,0
"BVR",50,2023-08-14 11:25:00,10,0,1,"Tow","Rotifera",146.476547426283,0.134502923976608,8.64388861350051,26.9388714987855,0,0,0
"BVR",50,2023-08-14 11:25:00,10,0,1,"Tow","Keratella",46.747834284984,0.111004784688995,0.247847420111599,0.772422008222522,0,0,0
"BVR",50,2023-08-14 11:25:00,10,0,1,"Tow","Kellicottia",0,0,0,0,0,0,0
"BVR",50,2023-08-14 11:25:00,10,0,1,"Tow","Crustacea",211.923515425261,0.235551142005958,54.2154063625211,168.963522155214,0,0,0
"BVR",50,2023-08-14 11:25:00,10,0,1,"Tow","nauplius",121.544369140958,0.172050816696915,34.1098842115109,106.304214306647,0,0,0
"BVR",50,2023-08-14 11:25:00,10,0,1,"Tow","Ceriodaphnia",0,0,0,0,0,0,0
"BVR",50,2023-08-14 11:25:00,10,0,1,"Tow","Daphnia",0,0,0,0,0,0,0
"BVR",50,2023-08-14 11:25:00,10,0,1,"Tow","Bosmina",0,0,0,0,0,0,0
"BVR",50,2023-08-14 11:25:00,10,0,1,"Tow","Ploima",68.5634902846432,0.149707602339181,7.10565466297323,22.1449311113997,0,0,0
"BVR",50,2023-08-14 11:25:00,10,0,1,"Tow","Gastropidae",9.3495668569968,0.108771929824561,0.0777022889634058,0.242160915201682,0,0,0
"BVR",50,2023-08-14 11:25:00,10,0,1,"Tow","Conochilus",3.1165222856656,0.136842105263158,0.0666242892549935,0.207636082229818,0,0,0
"BVR",50,2023-08-14 11:25:00,10,0,1,"Tow","Conochiloides",74.7965348559744,0.118266253869969,1.0454246288689,3.25808915385361,0,0,0
"BVR",50,2023-08-14 11:25:00,10,0,1,"Tow","Synchaetidae",3.1165222856656,0.168421052631579,0.133766438256306,0.416886085899888,0,0,0
"BVR",50,2023-08-14 11:25:00,10,0,1,"Tow","Trichocercidae",9.3495668569968,0.326315789473684,5.42049394955533,16.8930901931047,0,0,0
"BVR",50,2023-08-14 11:25:00,10,0,1,"Tow","Monostyla",0,0,0,0,0,0,0
"BVR",50,2023-08-14 11:25:00,10,0,1,"Tow","Lecane",0,0,0,0,0,0,0
"BVR",50,2023-08-14 11:25:00,10,0,1,"Tow","Hexarthra",0,0,0,0,0,0,0
"BVR",50,2023-08-14 11:25:00,10,0,1,"Tow","Polyarthra",3.1165222856656,0.168421052631579,0.133766438256306,0.416886085899888,0,0,0
"BVR",50,2023-06-14 11:30:00,9,0,1,"Tow","Copepoda",905.869144366801,0.24053751399776,100.442370439029,834.749029062168,0,0,0
"BVR",50,2023-06-14 11:30:00,9,0,1,"Tow","Calanoida",0,0,0,0,0,0,0
"BVR",50,2023-06-14 11:30:00,9,0,1,"Tow","Cladocera",33.2429043804331,0.563157894736842,11.7473196942275,97.6287563303957,0,0,0
"BVR",50,2023-06-14 11:30:00,9,0,1,"Tow","Cyclopoida",191.14670018749,0.320823798627002,22.8583649801551,189.969610332084,0,0,0
"BVR",50,2023-06-14 11:30:00,9,0,1,"Tow","Rotifera",415.536304755413,0.144407894736842,4.5121519171891,37.4992586832762,0,0,0
"BVR",50,2023-06-14 11:30:00,9,0,1,"Tow","Keratella",141.282343616841,0.113875598086124,0.302372834630015,2.51293780721152,0,0,0
"BVR",50,2023-06-14 11:30:00,9,0,1,"Tow","Kellicottia",24.9321782853248,0.105263157894737,0.0104971570199738,0.0872389967703449,0,0,0
"BVR",50,2023-06-14 11:30:00,9,0,1,"Tow","Crustacea",939.112048747234,0.265841073271414,121.989776232323,1013.82361667038,0,0,0
"BVR",50,2023-06-14 11:30:00,9,0,1,"Tow","nauplius",714.722444179311,0.16359649122807,73.2850718618427,609.052159104101,0,0,0
"BVR",50,2023-06-14 11:30:00,9,0,1,"Tow","Ceriodaphnia",24.9321782853248,0.449122807017544,4.80082505254349,39.8983420422227,0,0,0
"BVR",50,2023-06-14 11:30:00,9,0,1,"Tow","Daphnia",8.31072609510827,0.905263157894737,6.946494641684,57.730414288173,0,0,0
"BVR",50,2023-06-14 11:30:00,9,0,1,"Tow","Bosmina",0,0,0,0,0,0,0
"BVR",50,2023-06-14 11:30:00,9,0,1,"Tow","Ploima",407.225578660305,0.144991511035654,4.48172243673253,37.2463676059852,0,0,0
"BVR",50,2023-06-14 11:30:00,9,0,1,"Tow","Gastropidae",16.6214521902165,0.110526315789474,0.041190844146377,0.342325823326833,0,0,0
"BVR",50,2023-06-14 11:30:00,9,0,1,"Tow","Conochilus",8.31072609510827,0.126315789473684,0.052401807843709,0.435497071877562,0,0,0
"BVR",50,2023-06-14 11:30:00,9,0,1,"Tow","Conochiloides",0,0,0,0,0,0,0
"BVR",50,2023-06-14 11:30:00,9,0,1,"Tow","Synchaetidae",224.389604567923,0.180350877192982,4.65846193322642,38.7152011515333,0,0,0
"BVR",50,2023-06-14 11:30:00,9,0,1,"Tow","Trichocercidae",0,0,0,0,0,0,0
"BVR",50,2023-06-14 11:30:00,9,0,1,"Tow","Monostyla",0,0,0,0,0,0,0
"BVR",50,2023-06-14 11:30:00,9,0,1,"Tow","Lecane",0,0,0,0,0,0,0
"BVR",50,2023-06-14 11:30:00,9,0,1,"Tow","Hexarthra",0,0,0,0,0,0,0
"BVR",50,2023-06-14 11:30:00,9,0,1,"Tow","Polyarthra",224.389604567923,0.180350877192982,4.65846193322642,38.7152011515333,0,0,0
"BVR",50,2022-11-16 11:10:00,8,0,1,"Tow","Copepoda",21.6996409643575,0.301385041551247,40.2038938297808,22.9581595125102,0,0,0
"BVR",50,2022-11-16 11:10:00,8,0,1,"Tow","Calanoida",1.7131295498177,0.754385964912281,5.33398319919744,3.04593474559209,0,0,0
"BVR",50,2022-11-16 11:10:00,8,0,1,"Tow","Cladocera",14.2760795818141,0.453894736842105,51.2978112182015,29.2932654129569,0,0,0
"BVR",50,2022-11-16 11:10:00,8,0,1,"Tow","Cyclopoida",10.8498204821787,0.334072022160665,20.628192038012,11.7795884465442,0,0,0
"BVR",50,2022-11-16 11:10:00,8,0,1,"Tow","Rotifera",83.3723047577945,0.122048364153627,5.38315622401816,3.07401466621685,0,0,0
"BVR",50,2022-11-16 11:10:00,8,0,1,"Tow","Keratella",0.571043183272565,0.115789473684211,0.0186289546581134,0.0106379375690094,0,0,0
"BVR",50,2022-11-16 11:10:00,8,0,1,"Tow","Kellicottia",22.8417273309026,0.111578947368421,0.167758565388541,0.095797385200711,0,0,0
"BVR",50,2022-11-16 11:10:00,8,0,1,"Tow","Crustacea",35.9757205461716,0.361904761904762,91.5017050479823,52.2514249254671,0,0,0
"BVR",50,2022-11-16 11:10:00,8,0,1,"Tow","nauplius",9.13669093236104,0.177631578947368,14.2417185925713,8.132636320374,0,0,0
"BVR",50,2022-11-16 11:10:00,8,0,1,"Tow","Ceriodaphnia",0,0,0,0,0,0,0
"BVR",50,2022-11-16 11:10:00,8,0,1,"Tow","Daphnia",3.99730228290796,0.741353383458647,33.1637297878827,18.9379218272637,0,0,0
"BVR",50,2022-11-16 11:10:00,8,0,1,"Tow","Bosmina",10.2787772989062,0.342105263157895,18.1340814303189,10.3553435856932,0,0,0
"BVR",50,2022-11-16 11:10:00,8,0,1,"Tow","Ploima",38.2598932792619,0.118421052631579,1.75000991398163,0.999331232038618,0,0,0
"BVR",50,2022-11-16 11:10:00,8,0,1,"Tow","Gastropidae",12.5629500319964,0.12280701754386,0.826756086893133,0.472113427649424,0,0,0
"BVR",50,2022-11-16 11:10:00,8,0,1,"Tow","Conochilus",45.1124114785326,0.128744939271255,4.4808514360694,2.55875966782451,0,0,0
"BVR",50,2022-11-16 11:10:00,8,0,1,"Tow","Conochiloides",0,0,0,0,0,0,0
"BVR",50,2022-11-16 11:10:00,8,0,1,"Tow","Synchaetidae",2.28417273309026,0.126315789473684,0.22808222772999,0.130244801370832,0,0,0
"BVR",50,2022-11-16 11:10:00,8,0,1,"Tow","Trichocercidae",0,0,0,0,0,0,0
"BVR",50,2022-11-16 11:10:00,8,0,1,"Tow","Monostyla",0,0,0,0,0,0,0
"BVR",50,2022-11-16 11:10:00,8,0,1,"Tow","Lecane",0,0,0,0,0,0,0
"BVR",50,2022-11-16 11:10:00,8,0,1,"Tow","Hexarthra",0,0,0,0,0,0,0
"BVR",50,2022-11-16 11:10:00,8,0,1,"Tow","Polyarthra",2.28417273309026,0.126315789473684,0.22808222772999,0.130244801370832,0,0,0
"BVR",50,2023-10-17 11:45:00,9,0,1,"Tow","Copepoda",320.556577954176,0.402923976608187,78.4880390274499,465.923281499503,0,0,0
"BVR",50,2023-10-17 11:45:00,9,0,1,"Tow","Calanoida",41.5536304755413,0.790977443609023,11.5410887628486,68.5105911052621,0,0,0
"BVR",50,2023-10-17 11:45:00,9,0,1,"Tow","Cladocera",724.220416859435,0.343859649122807,114.651497366864,680.597993578595,0,0,0
"BVR",50,2023-10-17 11:45:00,9,0,1,"Tow","Cyclopoida",166.214521902165,0.447744360902256,49.3762679993241,293.10902781503,0,0,0
"BVR",50,2023-10-17 11:45:00,9,0,1,"Tow","Rotifera",124.660891426624,0.135839598997494,2.26235661175099,13.4298758069426,0,0,0
"BVR",50,2023-10-17 11:45:00,9,0,1,"Tow","Keratella",65.2985621758507,0.115789473684211,0.204918501239248,1.21644395401392,0,0,0
"BVR",50,2023-10-17 11:45:00,9,0,1,"Tow","Kellicottia",0,0,0,0,0,0,0
"BVR",50,2023-10-17 11:45:00,9,0,1,"Tow","Crustacea",1044.77699481361,0.383235867446394,225.674872443305,1339.65860816058,0,0,0
"BVR",50,2023-10-17 11:45:00,9,0,1,"Tow","nauplius",112.788425576469,0.193905817174515,17.5706822652772,104.303662579211,0,0,0
"BVR",50,2023-10-17 11:45:00,9,0,1,"Tow","Ceriodaphnia",5.93623292507734,0.526315789473684,2.24377621905068,13.3195782680342,0,0,0
"BVR",50,2023-10-17 11:45:00,9,0,1,"Tow","Daphnia",17.808698775232,0.557894736842105,6.06416388830452,35.9982893368183,0,0,0
"BVR",50,2023-10-17 11:45:00,9,0,1,"Tow","Bosmina",700.475485159126,0.308009153318078,87.5547273076774,519.745254990002,0,0,0
"BVR",50,2023-10-17 11:45:00,9,0,1,"Tow","Ploima",71.234795100928,0.130701754385965,1.53631258200904,9.11990933253264,0,0,0
"BVR",50,2023-10-17 11:45:00,9,0,1,"Tow","Gastropidae",0,0,0,0,0,0,0
"BVR",50,2023-10-17 11:45:00,9,0,1,"Tow","Conochilus",53.426096325696,0.142690058479532,0.726044029741945,4.30996647440996,0,0,0
"BVR",50,2023-10-17 11:45:00,9,0,1,"Tow","Conochiloides",0,0,0,0,0,0,0
"BVR",50,2023-10-17 11:45:00,9,0,1,"Tow","Synchaetidae",0,0,0,0,0,0,0
"BVR",50,2023-10-17 11:45:00,9,0,1,"Tow","Trichocercidae",5.93623292507734,0.294736842105263,1.33139408076979,7.90346537851871,0,0,0
"BVR",50,2023-10-17 11:45:00,9,0,1,"Tow","Monostyla",0,0,0,0,0,0,0
"BVR",50,2023-10-17 11:45:00,9,0,1,"Tow","Lecane",0,0,0,0,0,0,0
"BVR",50,2023-10-17 11:45:00,9,0,1,"Tow","Hexarthra",0,0,0,0,0,0,0
"BVR",50,2023-10-17 11:45:00,9,0,1,"Tow","Polyarthra",0,0,0,0,0,0,0
"BVR",50,2022-08-18 10:52:00,6.5,0,1,"Tow","Copepoda",105.423356911858,0.232432432432432,121.61513207149,85.4738364950365,0,0,0
"BVR",50,2022-08-18 10:52:00,6.5,0,1,"Tow","Calanoida",0,0,0,0,0,0,0
"BVR",50,2022-08-18 10:52:00,6.5,0,1,"Tow","Cladocera",42.8721651441557,0.259649122807018,25.7223991833797,18.0782777982582,0,0,0
"BVR",50,2022-08-18 10:52:00,6.5,0,1,"Tow","Cyclopoida",49.1975665588671,0.328947368421053,53.4801515927571,37.5870473937568,0,0,0
"BVR",50,2022-08-18 10:52:00,6.5,0,1,"Tow","Rotifera",68.876593182414,0.12409972299169,8.58812710154158,6.03592792420147,0,0,0
"BVR",50,2022-08-18 10:52:00,6.5,0,1,"Tow","Keratella",2.10846713823716,0.108771929824561,0.0474611459396414,0.0333567555189373,0,0,0
"BVR",50,2022-08-18 10:52:00,6.5,0,1,"Tow","Kellicottia",2.10846713823716,0.105263157894737,0.0104971570199738,0.00737763687384341,0,0,0
"BVR",50,2022-08-18 10:52:00,6.5,0,1,"Tow","Crustacea",148.295522056014,0.240283400809717,147.389908603024,103.588926265752,0,0,0
"BVR",50,2022-08-18 10:52:00,6.5,0,1,"Tow","nauplius",56.225790352991,0.158897243107769,67.7118651220107,47.5894141595023,0,0,0
"BVR",50,2022-08-18 10:52:00,6.5,0,1,"Tow","Ceriodaphnia",0,0,0,0,0,0,0
"BVR",50,2022-08-18 10:52:00,6.5,0,1,"Tow","Daphnia",0,0,0,0,0,0,0
"BVR",50,2022-08-18 10:52:00,6.5,0,1,"Tow","Bosmina",42.8721651441557,0.259649122807018,25.7223991833797,18.0782777982582,0,0,0
"BVR",50,2022-08-18 10:52:00,6.5,0,1,"Tow","Ploima",4.91975665588671,0.130827067669173,1.12394693103951,0.78993505640644,0,0,0
"BVR",50,2022-08-18 10:52:00,6.5,0,1,"Tow","Gastropidae",0,0,0,0,0,0,0
"BVR",50,2022-08-18 10:52:00,6.5,0,1,"Tow","Conochilus",61.1455470088777,0.111842105263158,3.20584662487243,2.25314075292401,0,0,0
"BVR",50,2022-08-18 10:52:00,6.5,0,1,"Tow","Conochiloides",1.40564475882478,0.142105263157895,0.154749088788453,0.1087611227942,0,0,0
"BVR",50,2022-08-18 10:52:00,6.5,0,1,"Tow","Synchaetidae",0,0,0,0,0,0,0
"BVR",50,2022-08-18 10:52:00,6.5,0,1,"Tow","Trichocercidae",0.702822379412388,0.273684210526316,1.0659886280799,0.749200664013659,0,0,0
"BVR",50,2022-08-18 10:52:00,6.5,0,1,"Tow","Monostyla",0,0,0,0,0,0,0
"BVR",50,2022-08-18 10:52:00,6.5,0,1,"Tow","Lecane",0,0,0,0,0,0,0
"BVR",50,2022-08-18 10:52:00,6.5,0,1,"Tow","Hexarthra",1.40564475882478,0.131578947368421,0.0915585362297711,0.0643493882885231,0,0,0
"BVR",50,2022-08-18 10:52:00,6.5,0,1,"Tow","Polyarthra",0,0,0,0,0,0,0
"BVR",50,2023-09-18 11:20:00,9,0,1,"Tow","Copepoda",683.326367820013,0.198432250839866,121.823032523033,562.465475207997,0,0,0
"BVR",50,2023-09-18 11:20:00,9,0,1,"Tow","Calanoida",4.61707005283793,0.589473684210526,0.778666845427737,3.59515937316218,0,0,0
"BVR",50,2023-09-18 11:20:00,9,0,1,"Tow","Cladocera",18.4682802113517,0.602631578947368,12.476054017263,57.6028153806933,0,0,0
"BVR",50,2023-09-18 11:20:00,9,0,1,"Tow","Cyclopoida",32.3194903698655,0.273684210526316,3.4269127305902,15.8222961420971,0,0,0
"BVR",50,2023-09-18 11:20:00,9,0,1,"Tow","Rotifera",1066.54318220556,0.121981424148607,9.99555263586701,46.1501667366268,0,0,0
"BVR",50,2023-09-18 11:20:00,9,0,1,"Tow","Keratella",55.4048406340551,0.114736842105263,0.217988161539583,1.0064666125176,0,0,0
"BVR",50,2023-09-18 11:20:00,9,0,1,"Tow","Kellicottia",0,0,0,0,0,0,0
"BVR",50,2023-09-18 11:20:00,9,0,1,"Tow","Crustacea",701.794648031365,0.230134158926729,152.486096385386,704.038989095125,0,0,0
"BVR",50,2023-09-18 11:20:00,9,0,1,"Tow","nauplius",646.38980739731,0.174898785425101,123.779616283172,571.499159492801,0,0,0
"BVR",50,2023-09-18 11:20:00,9,0,1,"Tow","Ceriodaphnia",9.23414010567585,0.415789473684211,2.74941666489442,12.6942493462576,0,0,0
"BVR",50,2023-09-18 11:20:00,9,0,1,"Tow","Daphnia",9.23414010567585,0.789473684210526,9.72663735236858,44.9085660344357,0,0,0
"BVR",50,2023-09-18 11:20:00,9,0,1,"Tow","Bosmina",0,0,0,0,0,0,0
"BVR",50,2023-09-18 11:20:00,9,0,1,"Tow","Ploima",78.4901908982447,0.117894736842105,0.423366671526462,1.9547135804745,0,0,0
"BVR",50,2023-09-18 11:20:00,9,0,1,"Tow","Gastropidae",9.23414010567585,0.136842105263158,0.0614993439276863,0.2839467791177,0,0,0
"BVR",50,2023-09-18 11:20:00,9,0,1,"Tow","Conochilus",914.179870461909,0.106432748538012,6.30926257471935,29.1303072892278,0,0,0
"BVR",50,2023-09-18 11:20:00,9,0,1,"Tow","Conochiloides",73.8731208454068,0.142105263157895,1.29738142586383,5.99010092846405,0,0,0
"BVR",50,2023-09-18 11:20:00,9,0,1,"Tow","Synchaetidae",13.8512101585138,0.115789473684211,0.130402682606794,0.602078320673558,0,0,0
"BVR",50,2023-09-18 11:20:00,9,0,1,"Tow","Trichocercidae",0,0,0,0,0,0,0
"BVR",50,2023-09-18 11:20:00,9,0,1,"Tow","Monostyla",0,0,0,0,0,0,0
"BVR",50,2023-09-18 11:20:00,9,0,1,"Tow","Lecane",0,0,0,0,0,0,0
"BVR",50,2023-09-18 11:20:00,9,0,1,"Tow","Hexarthra",0,0,0,0,0,0,0
"BVR",50,2023-09-18 11:20:00,9,0,1,"Tow","Polyarthra",13.8512101585138,0.115789473684211,0.130402682606794,0.602078320673558,0,0,0
"BVR",50,2024-08-19 09:30:00,10,0,1,"Tow","Copepoda",740.485695074147,0.202870813397129,64.8075562920488,484.738064312875,0,0,0
"BVR",50,2024-08-19 09:30:00,10,0,1,"Tow","Calanoida",0,0,0,0,0,0,0
"BVR",50,2024-08-19 09:30:00,10,0,1,"Tow","Cladocera",59.8372278847795,0.386842105263158,7.34908673789317,54.9686222350406,0,0,0
"BVR",50,2024-08-19 09:30:00,10,0,1,"Tow","Cyclopoida",164.552376683144,0.261152882205514,10.3591305015358,77.4827065635709,0,0,0
"BVR",50,2024-08-19 09:30:00,10,0,1,"Tow","Rotifera",52.3575743991821,0.112781954887218,0.224375564951159,1.67825147646983,0,0,0
"BVR",50,2024-08-19 09:30:00,10,0,1,"Tow","Keratella",7.47965348559744,0.0947368421052632,0.0102032366234145,0.0763166743746977,0,0,0
"BVR",50,2024-08-19 09:30:00,10,0,1,"Tow","Kellicottia",0,0,0,0,0,0,0
"BVR",50,2024-08-19 09:30:00,10,0,1,"Tow","Crustacea",800.322922958926,0.231174089068826,74.3906081657863,556.415971662937,0,0,0
"BVR",50,2024-08-19 09:30:00,10,0,1,"Tow","nauplius",575.933318391003,0.149656750572082,63.3244565757734,473.644992350548,0,0,0
"BVR",50,2024-08-19 09:30:00,10,0,1,"Tow","Ceriodaphnia",59.8372278847795,0.386842105263158,7.34908673789317,54.9686222350406,0,0,0
"BVR",50,2024-08-19 09:30:00,10,0,1,"Tow","Daphnia",0,0,0,0,0,0,0
"BVR",50,2024-08-19 09:30:00,10,0,1,"Tow","Bosmina",0,0,0,0,0,0,0
"BVR",50,2024-08-19 09:30:00,10,0,1,"Tow","Ploima",22.4389604567923,0.112280701754386,0.0691412742382272,0.517152772854604,0,0,0
"BVR",50,2024-08-19 09:30:00,10,0,1,"Tow","Gastropidae",7.47965348559744,0.126315789473684,0.0403090829566992,0.301497972838312,0,0,0
"BVR",50,2024-08-19 09:30:00,10,0,1,"Tow","Conochilus",0,0,0,0,0,0,0
"BVR",50,2024-08-19 09:30:00,10,0,1,"Tow","Conochiloides",29.9186139423898,0.113157894736842,0.155234290712932,1.16109870361523,0,0,0
"BVR",50,2024-08-19 09:30:00,10,0,1,"Tow","Synchaetidae",0,0,0,0,0,0,0
"BVR",50,2024-08-19 09:30:00,10,0,1,"Tow","Trichocercidae",0,0,0,0,0,0,0
"BVR",50,2024-08-19 09:30:00,10,0,1,"Tow","Monostyla",7.47965348559744,0.115789473684211,0.0186289546581134,0.139338125641595,0,0,0
"BVR",50,2024-08-19 09:30:00,10,0,1,"Tow","Lecane",0,0,0,0,0,0,0
"BVR",50,2024-08-19 09:30:00,10,0,1,"Tow","Hexarthra",0,0,0,0,0,0,0
"BVR",50,2024-08-19 09:30:00,10,0,1,"Tow","Polyarthra",0,0,0,0,0,0,0
"BVR",50,2024-05-20 12:19:00,10,0,1,"Tow","Copepoda",459.464428400986,0.224256292906179,63.4888543845399,339.196164995652,0,0,0
"BVR",50,2024-05-20 12:19:00,10,0,1,"Tow","Calanoida",0,0,0,0,0,0,0
"BVR",50,2024-05-20 12:19:00,10,0,1,"Tow","Cladocera",5.3426096325696,0.673684210526316,3.19365581564655,17.0624563237852,0,0,0
"BVR",50,2024-05-20 12:19:00,10,0,1,"Tow","Cyclopoida",192.333946772506,0.292105263157895,20.3580803016615,108.765275920282,0,0,0
"BVR",50,2024-05-20 12:19:00,10,0,1,"Tow","Rotifera",1330.30979850983,0.109210526315789,5.50735070710016,29.4236249376923,0,0,0
"BVR",50,2024-05-20 12:19:00,10,0,1,"Tow","Keratella",10.6852192651392,0.121052631578947,0.042814404432133,0.228740649531844,0,0,0
"BVR",50,2024-05-20 12:19:00,10,0,1,"Tow","Kellicottia",21.3704385302784,0.107894736842105,0.0151543956845021,0.0809640203597922,0,0,0
"BVR",50,2024-05-20 12:19:00,10,0,1,"Tow","Crustacea",464.807038033555,0.233818589025756,68.7722236664018,367.42314461335,0,0,0
"BVR",50,2024-05-20 12:19:00,10,0,1,"Tow","nauplius",267.13048162848,0.172064777327935,43.5559808822428,232.702603017488,0,0,0
"BVR",50,2024-05-20 12:19:00,10,0,1,"Tow","Ceriodaphnia",0,0,0,0,0,0,0
"BVR",50,2024-05-20 12:19:00,10,0,1,"Tow","Daphnia",5.3426096325696,0.673684210526316,3.19365581564655,17.0624563237852,0,0,0
"BVR",50,2024-05-20 12:19:00,10,0,1,"Tow","Bosmina",0,0,0,0,0,0,0
"BVR",50,2024-05-20 12:19:00,10,0,1,"Tow","Ploima",42.7408770605568,0.113157894736842,0.107646012538271,0.575110623494674,0,0,0
"BVR",50,2024-05-20 12:19:00,10,0,1,"Tow","Gastropidae",10.6852192651392,0.115789473684211,0.0496772124216358,0.265405953603038,0,0,0
"BVR",50,2024-05-20 12:19:00,10,0,1,"Tow","Conochilus",1287.56892144927,0.105263157894737,7.41797929727366,39.6313676478161,0,0,0
"BVR",50,2024-05-20 12:19:00,10,0,1,"Tow","Conochiloides",0,0,0,0,0,0,0
"BVR",50,2024-05-20 12:19:00,10,0,1,"Tow","Synchaetidae",0,0,0,0,0,0,0
"BVR",50,2024-05-20 12:19:00,10,0,1,"Tow","Trichocercidae",0,0,0,0,0,0,0
"BVR",50,2024-05-20 12:19:00,10,0,1,"Tow","Monostyla",0,0,0,0,0,0,0
"BVR",50,2024-05-20 12:19:00,10,0,1,"Tow","Lecane",0,0,0,0,0,0,0
"BVR",50,2024-05-20 12:19:00,10,0,1,"Tow","Hexarthra",0,0,0,0,0,0,0
"BVR",50,2024-05-20 12:19:00,10,0,1,"Tow","Polyarthra",0,0,0,0,0,0,0
"BVR",50,2024-07-22 09:58:00,10,0,1,"Tow","Copepoda",1882.37946054202,0.201435406698565,97.3741254048099,1213.87452748515,0,0,0
"BVR",50,2024-07-22 09:58:00,10,0,1,"Tow","Calanoida",0,0,0,0,0,0,0
"BVR",50,2024-07-22 09:58:00,10,0,1,"Tow","Cladocera",261.78787199591,0.431077694235589,28.8172315966041,359.238177928014,0,0,0
"BVR",50,2024-07-22 09:58:00,10,0,1,"Tow","Cyclopoida",560.974011419808,0.254736842105263,18.4773045139789,230.339725187379,0,0,0
"BVR",50,2024-07-22 09:58:00,10,0,1,"Tow","Rotifera",922.490596557018,0.129362880886427,4.17628880502759,52.061988528977,0,0,0
"BVR",50,2024-07-22 09:58:00,10,0,1,"Tow","Keratella",124.660891426624,0.108421052631579,0.153860329494095,1.9180365829928,0,0,0
"BVR",50,2024-07-22 09:58:00,10,0,1,"Tow","Kellicottia",12.4660891426624,0.105263157894737,0.00349905233999125,0.0436194983851724,0,0,0
"BVR",50,2024-07-22 09:58:00,10,0,1,"Tow","Crustacea",2144.16733253793,0.275627530364372,151.336578715293,1886.57528081039,0,0,0
"BVR",50,2024-07-22 09:58:00,10,0,1,"Tow","nauplius",1321.40544912221,0.157017543859649,89.0478704865501,1110.07869144959,0,0,0
"BVR",50,2024-07-22 09:58:00,10,0,1,"Tow","Ceriodaphnia",249.321782853248,0.440526315789474,28.5036004810313,355.328424483372,0,0,0
"BVR",50,2024-07-22 09:58:00,10,0,1,"Tow","Daphnia",0,0,0,0,0,0,0
"BVR",50,2024-07-22 09:58:00,10,0,1,"Tow","Bosmina",12.4660891426624,0.242105263157895,0.31363111557278,3.90975344464293,0,0,0
"BVR",50,2024-07-22 09:58:00,10,0,1,"Tow","Ploima",199.457426282598,0.122368421052632,0.321646782329786,4.00967746097364,0,0,0
"BVR",50,2024-07-22 09:58:00,10,0,1,"Tow","Gastropidae",0,0,0,0,0,0,0
"BVR",50,2024-07-22 09:58:00,10,0,1,"Tow","Conochilus",536.041833134483,0.105263157894737,1.31515714493991,16.3948662054303,0,0,0
"BVR",50,2024-07-22 09:58:00,10,0,1,"Tow","Conochiloides",186.991337139936,0.148070175438597,1.60883860621082,20.0559254811808,0,0,0
"BVR",50,2024-07-22 09:58:00,10,0,1,"Tow","Synchaetidae",0,0,0,0,0,0,0
"BVR",50,2024-07-22 09:58:00,10,0,1,"Tow","Trichocercidae",0,0,0,0,0,0,0
"BVR",50,2024-07-22 09:58:00,10,0,1,"Tow","Monostyla",0,0,0,0,0,0,0
"BVR",50,2024-07-22 09:58:00,10,0,1,"Tow","Lecane",0,0,0,0,0,0,0
"BVR",50,2024-07-22 09:58:00,10,0,1,"Tow","Hexarthra",0,0,0,0,0,0,0
"BVR",50,2024-07-22 09:58:00,10,0,1,"Tow","Polyarthra",0,0,0,0,0,0,0
"BVR",50,2023-05-22 10:55:00,10,0,1,"Tow","Copepoda",760.431437702407,0.294473684210526,83.0324788218837,1035.09028272983,0,0,0
"BVR",50,2023-05-22 10:55:00,10,0,1,"Tow","Calanoida",0,0,0,0,0,0,0
"BVR",50,2023-05-22 10:55:00,10,0,1,"Tow","Cladocera",162.059158854611,0.659109311740891,48.4794592179138,604.34926019858,0,0,0
"BVR",50,2023-05-22 10:55:00,10,0,1,"Tow","Cyclopoida",211.923515425261,0.44953560371517,34.0329822646152,424.258190701341,0,0,0
"BVR",50,2023-05-22 10:55:00,10,0,1,"Tow","Rotifera",2231.42995653657,0.111278195488722,4.49838672859434,56.0772899568266,0,0,0
"BVR",50,2023-05-22 10:55:00,10,0,1,"Tow","Keratella",62.330445713312,0.115789473684211,0.0931447732905672,1.16115104701329,0,0,0
"BVR",50,2023-05-22 10:55:00,10,0,1,"Tow","Kellicottia",648.236635418445,0.106315789473684,0.187973290567138,2.34329179664953,0,0,0
"BVR",50,2023-05-22 10:55:00,10,0,1,"Tow","Crustacea",922.490596557018,0.383912611717974,143.709377117983,1791.49390578926,0,0,0
"BVR",50,2023-05-22 10:55:00,10,0,1,"Tow","nauplius",548.507922277146,0.179862700228833,39.0539118519516,486.849546516109,0,0,0
"BVR",50,2023-05-22 10:55:00,10,0,1,"Tow","Ceriodaphnia",0,0,0,0,0,0,0
"BVR",50,2023-05-22 10:55:00,10,0,1,"Tow","Daphnia",137.126980569286,0.742583732057416,48.1313369838795,600.009537396566,0,0,0
"BVR",50,2023-05-22 10:55:00,10,0,1,"Tow","Bosmina",24.9321782853248,0.2,0.348122234034355,4.33972280201505,0,0,0
"BVR",50,2023-05-22 10:55:00,10,0,1,"Tow","Ploima",747.965348559744,0.114035087719298,1.28849492151431,16.0624925514652,0,0,0
"BVR",50,2023-05-22 10:55:00,10,0,1,"Tow","Gastropidae",12.4660891426624,0.105263157894737,0.0233270155999417,0.29079665590115,0,0,0
"BVR",50,2023-05-22 10:55:00,10,0,1,"Tow","Conochilus",1483.46460797683,0.106315789473684,3.77360641492929,47.0421139578312,0,0,0
"BVR",50,2023-05-22 10:55:00,10,0,1,"Tow","Conochiloides",0,0,0,0,0,0,0
"BVR",50,2023-05-22 10:55:00,10,0,1,"Tow","Synchaetidae",24.9321782853248,0.152631578947368,0.233927977839335,2.91616702470791,0,0,0
"BVR",50,2023-05-22 10:55:00,10,0,1,"Tow","Trichocercidae",0,0,0,0,0,0,0
"BVR",50,2023-05-22 10:55:00,10,0,1,"Tow","Monostyla",0,0,0,0,0,0,0
"BVR",50,2023-05-22 10:55:00,10,0,1,"Tow","Lecane",0,0,0,0,0,0,0
"BVR",50,2023-05-22 10:55:00,10,0,1,"Tow","Hexarthra",0,0,0,0,0,0,0
"BVR",50,2023-05-22 10:55:00,10,0,1,"Tow","Polyarthra",24.9321782853248,0.152631578947368,0.233927977839335,2.91616702470791,0,0,0
"BVR",50,2024-09-23 11:23:00,9,0,1,"Tow","Copepoda",506.954291801604,0.273464912280702,69.4845139834508,577.46676356818,0,0,0
"BVR",50,2024-09-23 11:23:00,9,0,1,"Tow","Calanoida",16.6214521902165,0.421052631578947,0.680623141649772,5.65647250424333,0,0,0
"BVR",50,2024-09-23 11:23:00,9,0,1,"Tow","Cladocera",332.429043804331,0.51395881006865,94.5143987207431,785.483279811948,0,0,0
"BVR",50,2024-09-23 11:23:00,9,0,1,"Tow","Cyclopoida",265.943235043465,0.393684210526316,50.2459135195836,417.580024659756,0,0,0
"BVR",50,2024-09-23 11:23:00,9,0,1,"Tow","Rotifera",191.14670018749,0.122196796338673,1.0566298294212,8.78136109624055,0,0,0
"BVR",50,2024-09-23 11:23:00,9,0,1,"Tow","Keratella",8.31072609510827,0.105263157894737,0.013996209359965,0.11631866236046,0,0,0
"BVR",50,2024-09-23 11:23:00,9,0,1,"Tow","Kellicottia",91.4179870461909,0.105263157894737,0.0384895757399038,0.319876321491264,0,0,0
"BVR",50,2024-09-23 11:23:00,9,0,1,"Tow","Crustacea",839.383335605935,0.351371386212009,155.087801856363,1288.89224192065,0,0,0
"BVR",50,2024-09-23 11:23:00,9,0,1,"Tow","nauplius",224.389604567923,0.169635627530364,23.4609436185585,194.977476346618,0,0,0
"BVR",50,2024-09-23 11:23:00,9,0,1,"Tow","Ceriodaphnia",307.496865519006,0.526842105263158,89.5823673601273,744.494518081386,0,0,0
"BVR",50,2024-09-23 11:23:00,9,0,1,"Tow","Daphnia",8.31072609510827,0.821052631578947,5.37333086629595,44.6562810481765,0,0,0
"BVR",50,2024-09-23 11:23:00,9,0,1,"Tow","Bosmina",16.6214521902165,0.231578947368421,0.549547122386845,4.56713561051201,0,0,0
"BVR",50,2024-09-23 11:23:00,9,0,1,"Tow","Ploima",124.660891426624,0.124210526315789,0.72820877678962,6.05194368395236,0,0,0
"BVR",50,2024-09-23 11:23:00,9,0,1,"Tow","Gastropidae",0,0,0,0,0,0,0
"BVR",50,2024-09-23 11:23:00,9,0,1,"Tow","Conochilus",16.6214521902165,0.110526315789474,0.0706878553725033,0.587467404251502,0,0,0
"BVR",50,2024-09-23 11:23:00,9,0,1,"Tow","Conochiloides",33.2429043804331,0.113157894736842,0.155234290712932,1.29010967068359,0,0,0
"BVR",50,2024-09-23 11:23:00,9,0,1,"Tow","Synchaetidae",24.9321782853248,0.2,0.675722991689751,5.61574870010064,0,0,0
"BVR",50,2024-09-23 11:23:00,9,0,1,"Tow","Trichocercidae",0,0,0,0,0,0,0
"BVR",50,2024-09-23 11:23:00,9,0,1,"Tow","Monostyla",0,0,0,0,0,0,0
"BVR",50,2024-09-23 11:23:00,9,0,1,"Tow","Lecane",0,0,0,0,0,0,0
"BVR",50,2024-09-23 11:23:00,9,0,1,"Tow","Hexarthra",16.6214521902165,0.136842105263158,0.102498906546144,0.851840337353101,0,0,0
"BVR",50,2024-09-23 11:23:00,9,0,1,"Tow","Polyarthra",24.9321782853248,0.2,0.675722991689751,5.61574870010064,0,0,0
"BVR",50,2023-04-24 11:18:00,9,0,1,"Tow","Copepoda",124.660891426624,0.44093567251462,23.7891367886945,329.50833314984,0,0,0
"BVR",50,2023-04-24 11:18:00,9,0,1,"Tow","Calanoida",0,0,0,0,0,0,0
"BVR",50,2023-04-24 11:18:00,9,0,1,"Tow","Cladocera",69.2560507925689,0.6,25.3771371240663,351.504059526864,0,0,0
"BVR",50,2023-04-24 11:18:00,9,0,1,"Tow","Cyclopoida",55.4048406340551,0.739473684210526,19.1555434902154,265.327458583525,0,0,0
"BVR",50,2023-04-24 11:18:00,9,0,1,"Tow","Rotifera",6094.53246974606,0.140425531914894,23.0805079780255,319.692966568885,0,0,0
"BVR",50,2023-04-24 11:18:00,9,0,1,"Tow","Keratella",4196.91667802968,0.115789473684211,5.64457326140837,78.1841704988949,0,0,0
"BVR",50,2023-04-24 11:18:00,9,0,1,"Tow","Kellicottia",1426.67464632692,0.106072874493927,0.369578790359662,5.11911349540099,0,0,0
"BVR",50,2023-04-24 11:18:00,9,0,1,"Tow","Crustacea",193.916942219193,0.497744360902256,49.1662739127608,681.012392676704,0,0,0
"BVR",50,2023-04-24 11:18:00,9,0,1,"Tow","nauplius",69.2560507925689,0.202105263157895,4.63359329847909,64.1808745663149,0,0,0
"BVR",50,2023-04-24 11:18:00,9,0,1,"Tow","Ceriodaphnia",0,0,0,0,0,0,0
"BVR",50,2023-04-24 11:18:00,9,0,1,"Tow","Daphnia",27.7024203170276,1.10526315789474,24.1424357737917,334.40195164121,0,0,0
"BVR",50,2023-04-24 11:18:00,9,0,1,"Tow","Bosmina",41.5536304755413,0.263157894736842,1.23470135027458,17.102107885654,0,0,0
"BVR",50,2023-04-24 11:18:00,9,0,1,"Tow","Ploima",6094.53246974606,0.140425531914894,23.0805079780255,319.692966568885,0,0,0
"BVR",50,2023-04-24 11:18:00,9,0,1,"Tow","Gastropidae",27.7024203170276,0.115789473684211,0.0636360985566409,0.881436974775929,0,0,0
"BVR",50,2023-04-24 11:18:00,9,0,1,"Tow","Conochilus",0,0,0,0,0,0,0
"BVR",50,2023-04-24 11:18:00,9,0,1,"Tow","Conochiloides",0,0,0,0,0,0,0
"BVR",50,2023-04-24 11:18:00,9,0,1,"Tow","Synchaetidae",124.660891426624,0.127485380116959,0.613346551975507,8.49559199141254,0,0,0
"BVR",50,2023-04-24 11:18:00,9,0,1,"Tow","Trichocercidae",13.8512101585138,0.221052631578947,0.561681877824756,7.77997373197936,0,0,0
"BVR",50,2023-04-24 11:18:00,9,0,1,"Tow","Monostyla",0,0,0,0,0,0,0
"BVR",50,2023-04-24 11:18:00,9,0,1,"Tow","Lecane",0,0,0,0,0,0,0
"BVR",50,2023-04-24 11:18:00,9,0,1,"Tow","Hexarthra",0,0,0,0,0,0,0
"BVR",50,2023-04-24 11:18:00,9,0,1,"Tow","Polyarthra",124.660891426624,0.127485380116959,0.613346551975507,8.49559199141254,0,0,0
"BVR",50,2023-07-24 13:52:00,9,0,1,"Tow","Copepoda",1022.21930969832,0.294019138755981,138.959695347594,1154.85596629354,0,0,0
"BVR",50,2023-07-24 13:52:00,9,0,1,"Tow","Calanoida",0,0,0,0,0,0,0
"BVR",50,2023-07-24 13:52:00,9,0,1,"Tow","Cladocera",16.6214521902165,0.447368421052632,3.10224387373085,25.7818991148047,0,0,0
"BVR",50,2023-07-24 13:52:00,9,0,1,"Tow","Cyclopoida",548.507922277146,0.4,89.4260993798579,743.19581769993,0,0,0
"BVR",50,2023-07-24 13:52:00,9,0,1,"Tow","Rotifera",324.118317709222,0.166315789473684,6.05769750692521,50.3438647470756,0,0,0
"BVR",50,2023-07-24 13:52:00,9,0,1,"Tow","Keratella",0,0,0,0,0,0,0
"BVR",50,2023-07-24 13:52:00,9,0,1,"Tow","Kellicottia",0,0,0,0,0,0,0
"BVR",50,2023-07-24 13:52:00,9,0,1,"Tow","Crustacea",1038.84076188853,0.300686498855835,143.509247785503,1192.66605046034,0,0,0
"BVR",50,2023-07-24 13:52:00,9,0,1,"Tow","nauplius",473.711387421171,0.166842105263158,48.9931464981776,407.168621083867,0,0,0
"BVR",50,2023-07-24 13:52:00,9,0,1,"Tow","Ceriodaphnia",0,0,0,0,0,0,0
"BVR",50,2023-07-24 13:52:00,9,0,1,"Tow","Daphnia",8.31072609510827,0.631578947368421,2.69508561982227,22.398118389208,0,0,0
"BVR",50,2023-07-24 13:52:00,9,0,1,"Tow","Bosmina",8.31072609510827,0.263157894736842,0.407158253908578,3.38378072559674,0,0,0
"BVR",50,2023-07-24 13:52:00,9,0,1,"Tow","Ploima",33.2429043804331,0.176315789473684,0.647870535063421,5.38427456200333,0,0,0
"BVR",50,2023-07-24 13:52:00,9,0,1,"Tow","Gastropidae",8.31072609510827,0.147368421052632,0.06400933080624,0.531964015861836,0,0,0
"BVR",50,2023-07-24 13:52:00,9,0,1,"Tow","Conochilus",249.321782853248,0.114035087719298,1.17070126840647,9.72937758092203,0,0,0
"BVR",50,2023-07-24 13:52:00,9,0,1,"Tow","Conochiloides",41.5536304755413,0.221052631578947,1.44787286776498,12.0328748245337,0,0,0
"BVR",50,2023-07-24 13:52:00,9,0,1,"Tow","Synchaetidae",16.6214521902165,0.215789473684211,0.563706662778831,4.68481167234243,0,0,0
"BVR",50,2023-07-24 13:52:00,9,0,1,"Tow","Trichocercidae",0,0,0,0,0,0,0
"BVR",50,2023-07-24 13:52:00,9,0,1,"Tow","Monostyla",0,0,0,0,0,0,0
"BVR",50,2023-07-24 13:52:00,9,0,1,"Tow","Lecane",8.31072609510827,0.126315789473684,0.0201545414783496,0.167498873799062,0,0,0
"BVR",50,2023-07-24 13:52:00,9,0,1,"Tow","Hexarthra",0,0,0,0,0,0,0
"BVR",50,2023-07-24 13:52:00,9,0,1,"Tow","Polyarthra",16.6214521902165,0.215789473684211,0.563706662778831,4.68481167234243,0,0,0
"BVR",50,2024-04-29 11:10:00,10,0,1,"Tow","Copepoda",1458.5324296915,0.244812030075188,151.092179148984,1412.64643052276,0,0,0
"BVR",50,2024-04-29 11:10:00,10,0,1,"Tow","Calanoida",18.6991337139936,0.78421052631579,3.16358526259959,29.5781519204847,0,0,0
"BVR",50,2024-04-29 11:10:00,10,0,1,"Tow","Cladocera",46.747834284984,0.743157894736842,21.1279464690059,197.53714806302,0,0,0
"BVR",50,2024-04-29 11:10:00,10,0,1,"Tow","Cyclopoida",84.1461017129712,0.387134502923977,11.2252280280949,104.951019933708,0,0,0
"BVR",50,2024-04-29 11:10:00,10,0,1,"Tow","Rotifera",2982.51182738198,0.133504492939666,10.7266436191011,100.289471667964,0,0,0
"BVR",50,2024-04-29 11:10:00,10,0,1,"Tow","Keratella",18.6991337139936,0.105263157894737,0.0288321912815279,0.269568500020366,0,0,0
"BVR",50,2024-04-29 11:10:00,10,0,1,"Tow","Kellicottia",1449.1828628345,0.108421052631579,0.59620877678962,5.57429381932283,0,0,0
"BVR",50,2024-04-29 11:10:00,10,0,1,"Tow","Crustacea",1505.28026397649,0.307105263157895,221.483002086551,2070.77013569657,0,0,0
"BVR",50,2024-04-29 11:10:00,10,0,1,"Tow","nauplius",1355.68719426454,0.146491228070175,117.873358051705,1102.06484176314,0,0,0
"BVR",50,2024-04-29 11:10:00,10,0,1,"Tow","Ceriodaphnia",0,0,0,0,0,0,0
"BVR",50,2024-04-29 11:10:00,10,0,1,"Tow","Daphnia",46.747834284984,0.743157894736842,21.1279464690059,197.53714806302,0,0,0
"BVR",50,2024-04-29 11:10:00,10,0,1,"Tow","Bosmina",0,0,0,0,0,0,0
"BVR",50,2024-04-29 11:10:00,10,0,1,"Tow","Ploima",1954.05947311233,0.137134502923977,7.10596756540474,66.4377188364024,0,0,0
"BVR",50,2024-04-29 11:10:00,10,0,1,"Tow","Gastropidae",373.982674279872,0.116666666666667,1.21519755066336,11.3615707443859,0,0,0
"BVR",50,2024-04-29 11:10:00,10,0,1,"Tow","Conochilus",981.704519984664,0.105263157894737,3.18413762939204,29.7703076478802,0,0,0
"BVR",50,2024-04-29 11:10:00,10,0,1,"Tow","Conochiloides",37.3982674279872,0.110526315789474,0.141375710745007,1.32180165956588,0,0,0
"BVR",50,2024-04-29 11:10:00,10,0,1,"Tow","Synchaetidae",9.3495668569968,0.105263157894737,0.0326578218399184,0.305336488696207,0,0,0
"BVR",50,2024-04-29 11:10:00,10,0,1,"Tow","Trichocercidae",0,0,0,0,0,0,0
"BVR",50,2024-04-29 11:10:00,10,0,1,"Tow","Monostyla",0,0,0,0,0,0,0
"BVR",50,2024-04-29 11:10:00,10,0,1,"Tow","Lecane",0,0,0,0,0,0,0
"BVR",50,2024-04-29 11:10:00,10,0,1,"Tow","Hexarthra",9.3495668569968,0.105263157894737,0.0233270155999417,0.218097491925862,0,0,0
"BVR",50,2024-04-29 11:10:00,10,0,1,"Tow","Polyarthra",9.3495668569968,0.105263157894737,0.0326578218399184,0.305336488696207,0,0,0
"BVR",50,2025-06-02 11:00:00,7,0,1,"Tow","Copepoda",27.4100727970831,0.249255213505462,70.8406991927411,23.1160562127298,0,0,0
"BVR",50,2025-06-02 11:00:00,7,0,1,"Tow","Calanoida",0.652620780882932,0.578947368421053,1.91642739574791,0.625350171759222,0,0,0
"BVR",50,2025-06-02 11:00:00,7,0,1,"Tow","Cladocera",0.978931171324397,0.326315789473684,2.58021248441512,0.841950143211442,0,0,0
"BVR",50,2025-06-02 11:00:00,7,0,1,"Tow","Cyclopoida",7.17882858971225,0.332057416267943,18.0486585225121,5.88946480942561,0,0,0
"BVR",50,2025-06-02 11:00:00,7,0,1,"Tow","Rotifera",102.135152208179,0.132865497076023,34.0950361017965,11.1255645424931,0,0,0
"BVR",50,2025-06-02 11:00:00,7,0,1,"Tow","Keratella",5.87358702794638,0.113684210526316,0.318643300772707,0.1039766198867,0,0,0
"BVR",50,2025-06-02 11:00:00,7,0,1,"Tow","Kellicottia",10.1156221036854,0.108421052631579,0.119241755357924,0.0389098237477699,0,0,0
"BVR",50,2025-06-02 11:00:00,7,0,1,"Tow","Crustacea",28.3890039684075,0.253383458646617,73.4486940505602,23.9670720330541,0,0,0
"BVR",50,2025-06-02 11:00:00,7,0,1,"Tow","nauplius",19.5786234264879,0.163702359346642,51.1697004946167,16.6972049471712,0,0,0
"BVR",50,2025-06-02 11:00:00,7,0,1,"Tow","Ceriodaphnia",0,0,0,0,0,0,0
"BVR",50,2025-06-02 11:00:00,7,0,1,"Tow","Daphnia",0.326310390441466,0.547368421052632,1.8497948757313,0.603607288136502,0,0,0
"BVR",50,2025-06-02 11:00:00,7,0,1,"Tow","Bosmina",0,0,0,0,0,0,0
"BVR",50,2025-06-02 11:00:00,7,0,1,"Tow","Ploima",26.7574520162002,0.138755980861244,10.9116112870946,3.56057213943734,0,0,0
"BVR",50,2025-06-02 11:00:00,7,0,1,"Tow","Gastropidae",0.326310390441466,0.136842105263158,0.0512494532730719,0.0167232291074477,0,0,0
"BVR",50,2025-06-02 11:00:00,7,0,1,"Tow","Conochilus",74.7250794110957,0.115789473684211,9.472233270156,3.09088813673725,0,0,0
"BVR",50,2025-06-02 11:00:00,7,0,1,"Tow","Conochiloides",0.652620780882932,0.121052631578947,0.0969494095349177,0.0316355996784085,0,0,0
"BVR",50,2025-06-02 11:00:00,7,0,1,"Tow","Synchaetidae",10.1156221036854,0.168421052631579,4.29530517303079,1.40160270807693,0,0,0
"BVR",50,2025-06-02 11:00:00,7,0,1,"Tow","Trichocercidae",0.326310390441466,0.368421052631579,2.6003790640035,0.848530707670795,0,0,0
"BVR",50,2025-06-02 11:00:00,7,0,1,"Tow","Monostyla",0,0,0,0,0,0,0
"BVR",50,2025-06-02 11:00:00,7,0,1,"Tow","Lecane",0,0,0,0,0,0,0
"BVR",50,2025-06-02 11:00:00,7,0,1,"Tow","Hexarthra",0,0,0,0,0,0,0
"BVR",50,2025-06-02 11:00:00,7,0,1,"Tow","Polyarthra",10.1156221036854,0.168421052631579,4.29530517303079,1.40160270807693,0,0,0
"BVR",50,2025-06-30 09:15:00,7,0,1,"Tow","Copepoda",18.1102266695014,0.217076023391813,49.4846507340707,12.1105167764206,0,0,0
"BVR",50,2025-06-30 09:15:00,7,0,1,"Tow","Calanoida",0.734198378493298,0.36140350877193,0.725194868251837,0.177478965454053,0,0,0
"BVR",50,2025-06-30 09:15:00,7,0,1,"Tow","Cladocera",0.244732792831099,0.273684210526316,0.286015831793215,0.0699974533086634,0,0,0
"BVR",50,2025-06-30 09:15:00,7,0,1,"Tow","Cyclopoida",4.40519027095979,0.292397660818713,10.1182659080684,2.47627147428927,0,0,0
"BVR",50,2025-06-30 09:15:00,7,0,1,"Tow","Rotifera",51.8833520801931,0.105802968960864,6.2754808692304,1.53581595948489,0,0,0
"BVR",50,2025-06-30 09:15:00,7,0,1,"Tow","Keratella",18.5996922551635,0.0926315789473684,0.740768975069252,0.181290460111329,0,0,0
"BVR",50,2025-06-30 09:15:00,7,0,1,"Tow","Kellicottia",0,0,0,0,0,0,0
"BVR",50,2025-06-30 09:15:00,7,0,1,"Tow","Crustacea",18.3549594623324,0.218306636155606,49.5294019077382,12.1214688561348,0,0,0
"BVR",50,2025-06-30 09:15:00,7,0,1,"Tow","nauplius",12.9708380200483,0.142543859649123,42.5072290743417,10.4029128868749,0,0,0
"BVR",50,2025-06-30 09:15:00,7,0,1,"Tow","Ceriodaphnia",0.244732792831099,0.273684210526316,0.286015831793215,0.0699974533086634,0,0,0
"BVR",50,2025-06-30 09:15:00,7,0,1,"Tow","Daphnia",0,0,0,0,0,0,0
"BVR",50,2025-06-30 09:15:00,7,0,1,"Tow","Bosmina",0,0,0,0,0,0,0
"BVR",50,2025-06-30 09:15:00,7,0,1,"Tow","Ploima",20.3128218049812,0.0942583732057416,1.320290633408,0.32311841406268,0,0,0
"BVR",50,2025-06-30 09:15:00,7,0,1,"Tow","Gastropidae",0,0,0,0,0,0,0
"BVR",50,2025-06-30 09:15:00,7,0,1,"Tow","Conochilus",24.718012075941,0.109473684210526,3.4683567867036,0.84882064294467,0,0,0
"BVR",50,2025-06-30 09:15:00,7,0,1,"Tow","Conochiloides",6.85251819927078,0.125438596491228,1.47651999805608,0.361352862795234,0,0,0
"BVR",50,2025-06-30 09:15:00,7,0,1,"Tow","Synchaetidae",1.7131295498177,0.0977443609022556,0.203752150459251,0.0498648328272348,0,0,0
"BVR",50,2025-06-30 09:15:00,7,0,1,"Tow","Trichocercidae",0,0,0,0,0,0,0
"BVR",50,2025-06-30 09:15:00,7,0,1,"Tow","Monostyla",0,0,0,0,0,0,0
"BVR",50,2025-06-30 09:15:00,7,0,1,"Tow","Lecane",0,0,0,0,0,0,0
"BVR",50,2025-06-30 09:15:00,7,0,1,"Tow","Hexarthra",0,0,0,0,0,0,0
"BVR",50,2025-06-30 09:15:00,7,0,1,"Tow","Polyarthra",1.7131295498177,0.0977443609022556,0.203752150459251,0.0498648328272348,0,0,0
"FCR",50,2025-04-07 13:30:00,9,0,1,"Tow","Copepoda",66.6090301133141,0.204074702886248,36.253112945159,58.897187606475,0,0,0
"FCR",50,2025-04-07 13:30:00,9,0,1,"Tow","Calanoida",0,0,0,0,0,0,0
"FCR",50,2025-04-07 13:30:00,9,0,1,"Tow","Cladocera",8.12305245284318,0.385263157894737,6.70135206364645,10.8870868635938,0,0,0
"FCR",50,2025-04-07 13:30:00,9,0,1,"Tow","Cyclopoida",6.49844196227455,0.328947368421053,2.90405137181436,4.71795232379984,0,0,0
"FCR",50,2025-04-07 13:30:00,9,0,1,"Tow","Rotifera",152.713386113452,0.113312693498452,2.25668039415796,3.66622664220958,0,0,0
"FCR",50,2025-04-07 13:30:00,9,0,1,"Tow","Keratella",60.1105881510396,0.109473684210526,0.59854229479516,0.972398091173242,0,0,0
"FCR",50,2025-04-07 13:30:00,9,0,1,"Tow","Kellicottia",32.4922098113727,0.106315789473684,0.0722974194488993,0.117455146077723,0,0,0
"FCR",50,2025-04-07 13:30:00,9,0,1,"Tow","Crustacea",74.7320825661573,0.229239766081871,43.5878652112697,70.8133030837204,0,0,0
"FCR",50,2025-04-07 13:30:00,9,0,1,"Tow","nauplius",60.1105881510396,0.185575048732943,33.5834459051988,54.5600185270303,0,0,0
"FCR",50,2025-04-07 13:30:00,9,0,1,"Tow","Ceriodaphnia",0,0,0,0,0,0,0
"FCR",50,2025-04-07 13:30:00,9,0,1,"Tow","Daphnia",1.62461049056864,0.71578947368421,3.74570196392085,6.08530670512936,0,0,0
"FCR",50,2025-04-07 13:30:00,9,0,1,"Tow","Bosmina",4.87383147170591,0.329824561403509,2.56697550167397,4.17033532905223,0,0,0
"FCR",50,2025-04-07 13:30:00,9,0,1,"Tow","Ploima",152.713386113452,0.113312693498452,2.25668039415796,3.66622664220958,0,0,0
"FCR",50,2025-04-07 13:30:00,9,0,1,"Tow","Gastropidae",4.87383147170591,0.147368421052632,0.193987461729115,0.315154065363902,0,0,0
"FCR",50,2025-04-07 13:30:00,9,0,1,"Tow","Conochilus",0,0,0,0,0,0,0
"FCR",50,2025-04-07 13:30:00,9,0,1,"Tow","Conochiloides",0,0,0,0,0,0,0
"FCR",50,2025-04-07 13:30:00,9,0,1,"Tow","Synchaetidae",53.612146188765,0.111578947368421,1.2988538270885,2.11013155320319,0,0,0
"FCR",50,2025-04-07 13:30:00,9,0,1,"Tow","Trichocercidae",0,0,0,0,0,0,0
"FCR",50,2025-04-07 13:30:00,9,0,1,"Tow","Monostyla",1.62461049056864,0.136842105263158,0.0307496719638431,0.0499562396540038,0,0,0
"FCR",50,2025-04-07 13:30:00,9,0,1,"Tow","Lecane",0,0,0,0,0,0,0
"FCR",50,2025-04-07 13:30:00,9,0,1,"Tow","Hexarthra",0,0,0,0,0,0,0
"FCR",50,2025-04-07 13:30:00,9,0,1,"Tow","Polyarthra",53.612146188765,0.111578947368421,1.2988538270885,2.11013155320319,0,0,0
