Date,Depth_m,Temp_C,Chla_ugL,Turb_NTU,Cond_uScm,Spec_Cond_uScm,DO_mgL,DO_pSat,pH,ORP_mV,PAR,Salinity,Descent Rate (m/s),Flag
2019-07-10T11:33:38Z,-0.649,28.6853,-0.1154,-0.5341,27.193,29.082094,7.3319,94.554,7.075,329.6087,449.29,1.300922763670458,0.017,0
2019-07-10T11:33:38Z,-0.649,28.6854,-0.1144,-0.5288,37.26,39.697195,7.3633,94.574,6.898,542.774,486.34,1.8146978952305093,0.043,0
2019-07-10T11:33:38Z,-0.647,28.6812,-0.1172,-0.4681,39.507,41.928409,7.3968,94.6,6.952,366.6815,552.99,1.93104706663873,0.083,0
2019-07-10T11:33:38Z,-0.634,28.6866,-0.1053,0.0368,36.319,38.416319,7.4227,94.62,7.041,333.3165,645.49,1.7661523015327731,0.129,0
2019-07-10T11:33:38Z,-0.595,28.5872,0.0037,5.5098,33.001,34.813656,7.4425,94.642,7.091,320.3007,708.33,1.5991274902876447,0.172,0
2019-07-10T11:33:38Z,-0.529,28.292,0.1943,15.531,31.248,32.89941,7.462,94.722,7.1,314.1042,738.92,1.5186212619996693,0.203,0
2019-07-10T11:33:38Z,-0.449,28.0246,0.3001,21.0176,30.4,31.962469,7.4855,94.902,7.086,309.9324,764.85,1.4832384198964912,0.217,0
2019-07-10T11:33:38Z,-0.374,27.8561,0.3214,21.5093,30.695,32.242409,7.5128,95.167,7.057,306.9427,781.68,1.5036542817392016,0.211,0
2019-07-10T11:33:38Z,-0.319,27.7196,0.3309,21.0832,32.267,33.872479,7.5411,95.467,7.016,304.0266,785.69,1.5896264422932092,0.185,0
2019-07-10T11:33:38Z,-0.282,27.623,0.3801,15.9317,33.64,35.298438,7.5682,95.772,6.985,299.7116,783.39,1.6645708073587202,0.148,0
2019-07-10T11:33:38Z,-0.256,27.556,0.4824,6.4804,33.923,35.585104,7.5919,96.046,6.971,296.1542,780.05,1.6817228328780591,0.111,0
2019-07-10T11:33:38Z,-0.237,27.5103,0.545,1.3232,33.723,35.371105,7.6099,96.264,6.952,294.484,776.2,1.6728191790026812,0.085,0
2019-07-10T11:33:38Z,-0.226,27.4771,0.5562,0.8987,33.485,35.122784,7.6247,96.453,6.911,293.456,776.74,1.6614762892330244,0.07,0
2019-07-10T11:33:38Z,-0.216,27.4553,0.5742,0.8899,33.48,35.121367,7.6378,96.63,6.864,290.9522,783.1,1.6619657709028226,0.062,0
2019-07-10T11:33:38Z,-0.201,27.4397,0.6061,0.8884,33.755,35.417416,7.6477,96.775,6.832,286.5807,790.2,1.676954142327546,0.056,0
2019-07-10T11:33:38Z,-0.179,27.4359,0.6211,0.881,33.612,35.275064,7.6542,96.876,6.813,283.5337,795.64,1.6695703545477745,0.05,0
2019-07-10T11:33:38Z,-0.16,27.437,0.6258,0.8663,32.669,34.288749,7.6584,96.938,6.796,281.558,798.91,1.6200299485775735,0.042,0
2019-07-10T11:33:38Z,-0.15,27.4414,0.637,0.8413,31.331,32.884774,7.659,96.944,6.774,279.0403,800.6,1.549829323636279,0.033,0
2019-07-10T11:33:38Z,-0.148,27.4568,0.6437,0.808,30.256,31.753653,7.6559,96.898,6.744,276.3233,801.24,1.493224563417205,0.022,0
2019-07-10T11:33:38Z,-0.149,27.4701,0.6375,0.7915,29.801,31.273563,7.651,96.828,6.704,274.0881,800.7,1.4691132375616387,0.011,0
2019-07-10T11:33:38Z,-0.149,27.4747,0.6226,0.8058,29.739,31.204738,7.6413,96.696,6.661,273.4381,800.75,1.4657460556280455,0.003,0
2019-07-10T11:33:38Z,-0.147,27.474,0.6369,0.8507,29.774,31.238767,7.6077,96.262,6.624,273.2831,801.42,1.4675889971104736,-0.001,0
2019-07-10T11:33:38Z,-0.146,27.4686,0.672,0.8756,29.899,31.36773,7.521,95.157,6.594,272.9886,799.38,1.4742613808680434,-0.003,0
2019-07-10T11:33:38Z,-0.148,27.4636,0.6743,0.8444,30.143,31.621819,7.3731,93.282,6.565,272.802,795.55,1.4871249805649505,-0.003,0
2019-07-10T11:33:38Z,-0.152,27.4583,0.6653,0.8009,30.409,31.899612,7.1781,90.813,6.534,272.2313,792.97,1.5011551519565498,-0.002,0
2019-07-10T11:33:38Z,-0.153,27.4522,0.6755,0.8085,30.624,32.124801,6.96,88.052,6.506,271.2515,791.58,1.512560907847634,-0.002,0
2019-07-10T11:33:38Z,-0.153,27.4485,0.6842,0.837,30.744,32.250466,6.7466,85.351,6.482,270.3333,793.49,1.5189399191188768,-0.002,0
2019-07-10T11:33:38Z,-0.151,27.4461,0.6841,0.8185,30.708,32.213322,6.5532,82.906,6.46,269.561,798.57,1.5171363793882529,-0.002,0
2019-07-10T11:33:38Z,-0.15,27.4444,0.6831,0.7823,30.619,32.119898,6.3875,80.81,6.439,268.6251,801.22,1.512544688081186,-0.001,0
2019-07-10T11:33:38Z,-0.151,27.4429,0.6797,0.7925,30.634,32.13622,6.266,79.275,6.419,268.1377,802.03,1.513374612261033,-0.001,0
2019-07-10T11:33:38Z,-0.154,27.4426,0.6792,0.8429,30.775,32.28376,6.2073,78.532,6.403,268.2274,804.87,1.5207442892048049,-0.001,0
2019-07-10T11:33:38Z,-0.156,27.4441,0.6848,0.8671,30.868,32.380794,6.2022,78.467,6.387,267.9898,806.86,1.5255527368307615,-0,0
2019-07-10T11:33:38Z,-0.155,27.4452,0.6866,0.856,30.725,32.230652,6.2179,78.664,6.371,267.1577,807.3,1.5180521115928076,0.001,0
2019-07-10T11:33:38Z,-0.153,27.4454,0.6834,0.8396,30.558,32.054853,6.2322,78.844,6.354,266.5982,808.85,1.5093302253431324,0.003,0
2019-07-10T11:33:38Z,-0.15,27.4453,0.6812,0.8336,30.657,32.158961,6.2363,78.895,6.337,266.559,811.02,1.5144996309820704,0.005,0
2019-07-10T11:33:38Z,-0.148,27.4446,0.6858,0.8478,30.957,32.474091,6.2198,78.688,6.322,266.0815,812.97,1.5301846117689382,0.005,0
2019-07-10T11:33:38Z,-0.148,27.4436,0.687,0.848,31.223,32.755611,6.1764,78.145,6.311,265.1274,815.03,1.5441136328445688,0.004,0
2019-07-10T11:33:38Z,-0.148,27.4425,0.6775,0.836,31.296,32.834062,6.1052,77.248,6.298,264.5728,816.73,1.5479643863302759,0.003,0
2019-07-10T11:33:38Z,-0.146,27.4418,0.6755,0.8661,31.19,32.724595,6.0104,76.052,6.284,264.5386,817.63,1.542446674437451,0.001,0
2019-07-10T11:33:38Z,-0.144,27.4434,0.6811,0.9179,30.985,32.510868,5.9081,74.761,6.271,264.6269,819.44,1.5316851165923744,0,0
2019-07-10T11:33:38Z,-0.144,27.4473,0.6838,0.905,30.763,32.280591,5.8199,73.649,6.258,264.7806,822.26,1.5199693899068887,-0.001,0
2019-07-10T11:33:38Z,-0.147,27.4508,0.6908,0.8406,30.588,32.097924,5.7663,72.974,6.245,265.0207,824.79,1.5107263156929795,-0.003,0
2019-07-10T11:33:38Z,-0.149,27.4532,0.6959,0.828,30.449,31.952163,5.7647,72.954,6.234,265.0351,827.46,1.5034001210841972,-0.004,0
2019-07-10T11:33:38Z,-0.149,27.4566,0.6936,0.8831,30.352,31.850808,5.819,73.64,6.224,264.7818,829.54,1.498235769340254,-0.004,0
2019-07-10T11:33:38Z,-0.15,27.4603,0.69,0.9166,30.327,31.824307,5.9105,74.799,6.215,264.4531,830.49,1.4968174245947536,-0.003,0
2019-07-10T11:33:38Z,-0.152,27.4622,0.6781,0.9056,30.325,31.822114,6.0142,76.112,6.207,264.0717,830.43,1.4966542185946101,-0.001,0
2019-07-10T11:33:38Z,-0.153,27.4623,0.6966,0.8814,30.266,31.760835,6.1132,77.366,6.197,264.1288,827.57,1.493575546529222,0.003,0
2019-07-10T11:33:38Z,-0.153,27.4618,0.7585,0.8535,30.225,31.717943000000002,6.1971,78.427,6.174,264.197,824.53,1.491454005373638,0.008,0
2019-07-10T11:33:38Z,-0.152,27.4617,0.7929,0.8631,30.252,31.74771,6.2592,79.215,6.134,263.5199,824.47,1.4928643763403522,0.013,0
2019-07-10T11:33:38Z,-0.147,27.4624,0.7924,0.8995,30.183,31.676551,6.2936,79.655,6.099,262.7386,823.6,1.4892464649939239,0.018,0
2019-07-10T11:33:38Z,-0.139,27.4621,0.7865,0.8997,29.946,31.428671,6.2984,79.717,6.081,262.2362,822.2,1.4769079098316311,0.021,0
2019-07-10T11:33:38Z,-0.13,27.4622,0.7648,0.8666,29.692,31.161921,6.2804,79.489,6.073,262.0917,822.83,1.4636790500026025,0.021,0
2019-07-10T11:33:38Z,-0.123,27.4647,0.7384,0.8593,29.528,30.989496,6.2496,79.098,6.068,262.11,823.9,1.4550683949004721,0.02,0
2019-07-10T11:33:38Z,-0.119,27.4679,0.7283,0.8766,29.412,30.866803,6.2105,78.601,6.065,261.9418,824.31,1.4489375253946417,0.017,0
2019-07-10T11:33:38Z,-0.117,27.4698,0.7292,0.8793,29.308,30.757164,6.1635,78.005,6.063,261.6926,824.17,1.4434720062294113,0.012,0
2019-07-10T11:33:38Z,-0.115,27.4689,0.7572,0.8597,29.235,30.679118,6.1148,77.388,6.062,261.5916,823.87,1.439703366545971,0.008,0
2019-07-10T11:33:38Z,-0.113,27.4672,0.8068,0.8352,29.18,30.621136,6.0768,76.905,6.06,261.8395,824.3,1.4368947763165767,0.006,0
2019-07-10T11:33:38Z,-0.113,27.4665,0.8348,0.8454,29.126,30.563732,6.0591,76.68,6.057,262.1943,825.31,1.4341086303888926,0.004,0
2019-07-10T11:33:38Z,-0.112,27.4651,0.8447,0.885,29.059,30.492668,6.0646,76.748,6.054,262.3544,825.59,1.430667906379772,0.003,0
2019-07-10T11:33:38Z,-0.111,27.4638,0.8478,0.8886,28.968,30.396437,6.0909,77.078,6.052,262.4845,824.87,1.4259774496307103,0.003,0
2019-07-10T11:33:38Z,-0.11,27.4632,0.8472,0.8561,28.927,30.351985,6.132,77.595,6.051,262.6488,823.47,1.423864852952491,0.003,0
2019-07-10T11:33:38Z,-0.11,27.4624,0.8458,0.8516,28.972,30.399363,6.1795,78.196,6.049,262.62,822.28,1.4262266853538121,0.002,0
2019-07-10T11:33:38Z,-0.109,27.4606,0.8398,0.868,28.971,30.398218,6.2247,78.766,6.047,262.6526,822.18,1.426227926816587,0.001,0
2019-07-10T11:33:38Z,-0.109,27.4586,0.8429,0.8897,28.915,30.338137,6.259,79.2,6.042,262.8704,822.3,1.4233770956286071,0.001,0
2019-07-10T11:33:38Z,-0.109,27.4572,0.8486,0.8857,28.946,30.370907,6.2784,79.446,6.031,262.93,822.56,1.4250292720204725,0.001,0
2019-07-10T11:33:38Z,-0.109,27.4563,0.8397,0.852,29.046,30.477174,6.281,79.481,6.014,262.6857,822.89,1.4302531548934037,0.001,0
2019-07-10T11:33:38Z,-0.108,27.4555,0.8387,0.8746,29.109,30.544324,6.2651,79.283,5.999,262.2397,821.82,1.4335518470696258,0,0
2019-07-10T11:33:38Z,-0.107,27.4547,0.837,0.897,29.113,30.54829,6.2365,78.92,5.99,261.7524,820.1,1.4337835537340662,-1.832e-8,0
2019-07-10T11:33:38Z,-0.107,27.4553,0.8017,0.8615,29.091,30.525126,6.2041,78.51,5.987,261.1827,819.38,1.4326219860110985,-2.015e-7,0
2019-07-10T11:33:38Z,-0.109,27.4577,0.7673,0.8385,29.083,30.518064,6.1707,78.089,5.987,260.7721,820.31,1.432134882024586,0,0
2019-07-10T11:33:38Z,-0.11,27.4594,0.7684,0.8474,29.15,30.589805,6.1324,77.608,5.988,260.8313,821.72,1.4355673999497436,0,0
2019-07-10T11:33:38Z,-0.109,27.4593,0.7808,0.8717,29.248,30.694555,6.0862,77.027,5.991,261.0386,821.53,1.4406658659261753,-0.001,0
2019-07-10T11:33:38Z,-0.109,27.4589,0.7783,0.8702,29.257,30.705887,6.033,76.36,5.994,261.0421,817.58,1.441145820381218,-0.001,0
2019-07-10T11:33:38Z,-0.109,27.4599,0.7732,0.8621,29.214,30.66338,5.9768,75.656,5.995,261.0452,811.92,1.4388799970144783,0,0
2019-07-10T11:33:38Z,-0.109,27.4622,0.7711,0.8712,29.175,30.624785,5.9213,74.956,5.995,261.3334,812.11,1.4367837241640873,-8.829e-7,0
2019-07-10T11:33:38Z,-0.11,27.465,0.7698,0.8821,29.17,30.619955,5.8662,74.26,5.996,261.5151,818.29,1.43644041105621,-0,0
2019-07-10T11:33:38Z,-0.11,27.4706,0.7743,0.8959,29.276,30.73188,5.8138,73.597,5.996,261.1784,819.96,1.4417841620139769,-0,0
2019-07-10T11:33:38Z,-0.109,27.4757,0.774,0.8736,29.436,30.899365,5.7663,72.997,5.994,260.8758,815.47,1.4499512482829096,-0.001,0
2019-07-10T11:33:38Z,-0.108,27.4778,0.775,0.875,29.526,30.995213,5.7198,72.411,5.989,261.2123,816.72,1.4545690496793486,-0.003,0
2019-07-10T11:33:38Z,-0.108,27.4788,0.7857,0.9453,29.591,31.065882,5.6713,71.8,5.984,261.5463,825.12,1.4579201300995084,-0.004,0
2019-07-10T11:33:38Z,-0.11,27.479,0.7909,0.9706,29.641,31.11928,5.6213,71.169,5.98,261.2146,832.36,1.4605153956928076,-0.007,0
2019-07-10T11:33:38Z,-0.114,27.4801,0.7862,0.9178,29.533,31.0063,5.5683,70.5,5.978,260.9011,838.5,1.4548638818854374,-0.008,0
2019-07-10T11:33:38Z,-0.117,27.4824,0.7805,0.8648,29.315,30.778555,5.5153,69.831,5.973,261.1972,846.15,1.443458954741775,-0.007,0
2019-07-10T11:33:38Z,-0.12,27.4847,0.783,0.8536,29.192,30.649972000000002,5.4664,69.213,5.959,261.6979,852.17,1.4369973365842923,-0.004,0
2019-07-10T11:33:38Z,-0.122,27.4864,0.7907,0.8814,29.199,30.65723,5.4213,68.643,5.939,261.7069,853.73,1.4373105063115568,0,0
2019-07-10T11:33:38Z,-0.121,27.4876,0.786,0.9059,29.277,30.739402,5.3782,68.099,5.923,261.3064,851.43,1.4413283720491379,0.004,0
2019-07-10T11:33:38Z,-0.117,27.4891,0.778,0.887,29.351,30.818621,5.3351,67.556,5.916,261.0707,845.58,1.4451297769399505,0.005,0
2019-07-10T11:33:38Z,-0.112,27.4902,0.7811,0.8495,29.322,30.790171,5.294,67.038,5.916,261.0947,839.6,1.443589367043827,0.005,0
2019-07-10T11:33:38Z,-0.11,27.4903,0.772,0.8458,29.247,30.712682,5.2545,66.542,5.921,261.2516,839.8,1.4396884549678048,0.004,0
2019-07-10T11:33:38Z,-0.111,27.4913,0.7458,0.8758,29.24,30.7066,5.2154,66.049,5.925,261.4195,847.55,1.4392948727962225,0.003,0
2019-07-10T11:33:38Z,-0.113,27.4936,0.7327,0.8834,29.249,30.716639,5.1774,65.57,5.929,261.5764,857.23,1.4396939998270595,0.001,0
2019-07-10T11:33:38Z,-0.114,27.4961,0.7265,0.8733,29.239,30.707161,5.1409,65.107,5.932,261.7714,862.78,1.4390998245874274,0,0
2019-07-10T11:33:38Z,-0.113,27.499,0.7139,0.8848,29.25,30.71891,5.106,64.668,5.934,261.9713,865.18,1.4395848554710162,0,0
2019-07-10T11:33:38Z,-0.111,27.5014,0.7104,0.8905,29.261,30.731798,5.0727,64.249,5.935,262.1855,867.2,1.4400847604149922,0.001,0
2019-07-10T11:33:38Z,-0.111,27.5027,0.7111,0.8766,29.264,30.73608,5.0411,63.85,5.936,262.3821,869.41,1.4402018382088602,0.002,0
2019-07-10T11:33:38Z,-0.111,27.5038,0.7049,0.8484,29.295,30.770683,5.0106,63.466,5.937,262.4559,871.96,1.4417796739361826,0.002,0
2019-07-10T11:33:38Z,-0.111,27.5053,0.7045,0.8116,29.353,30.832912,4.9806,63.09,5.938,262.5623,874.17,1.4447485739650574,0.001,0
2019-07-10T11:33:38Z,-0.111,27.5073,0.7152,0.8241,29.372,30.853958,4.9496,62.7,5.939,262.7217,876.45,1.445676024541865,0,0
2019-07-10T11:33:38Z,-0.11,27.5095,0.7215,0.8693,29.352,30.834794,4.9174,62.295,5.94,262.8335,879.04,1.4445708972108438,0,0
2019-07-10T11:33:38Z,-0.11,27.5118,0.7202,0.8658,29.37,30.855009,4.8851,61.89,5.94,262.9676,881.46,1.4454372984861208,-0.001,0
2019-07-10T11:33:38Z,-0.111,27.5141,0.7255,0.8476,29.419,30.908018,4.8518,61.47,5.94,263.0526,884.18,1.447914478644598,-0.001,0
2019-07-10T11:33:38Z,-0.112,27.5166,0.7682,0.8458,29.414,30.904644,4.8179,61.042,5.94,263.0875,887.24,1.4475797160170552,-0.001,0
2019-07-10T11:33:38Z,-0.112,27.5194,0.8291,0.844,29.386,30.877675,4.7855,60.635,5.94,263.1313,889.14,1.4460410123405454,-0.001,0
2019-07-10T11:33:38Z,-0.112,27.5223,0.8466,0.8582,29.406,30.89921,4.7559,60.264,5.939,263.2385,888.86,1.4469931570643835,0,0
2019-07-10T11:33:38Z,-0.112,27.5249,0.8313,0.8533,29.416,30.911201,4.7283,59.916,5.936,263.4368,888.63,1.4474347442924524,0,0
2019-07-10T11:33:38Z,-0.111,27.5274,0.7923,0.8184,29.4,30.89576,4.7014,59.577,5.933,263.636,890.3,1.4465286355652023,0.001,0
2019-07-10T11:33:38Z,-0.11,27.5305,0.7387,0.83,29.405,30.902872,4.6751,59.247,5.931,263.841,892.88,1.4466954455970469,0.001,0
2019-07-10T11:33:38Z,-0.11,27.5331,0.7202,0.862,29.433,30.933737,4.6506,58.94,5.931,264.1084,895.45,1.4480719290554216,0,0
2019-07-10T11:33:38Z,-0.11,27.5354,0.7254,0.8449,29.449,30.951677,4.6274,58.647,5.932,264.3744,896.89,1.4488340325127442,-0.001,0
2019-07-10T11:33:38Z,-0.11,27.5378,0.7661,0.8204,29.426,30.929435,4.6048,58.364,5.933,264.475,897.04,1.4475674069583488,-0.001,0
2019-07-10T11:33:38Z,-0.111,27.5403,0.8575,0.827,29.415,30.918623,4.5837,58.098,5.933,264.3784,896.89,1.4469211923743497,-0.002,0
2019-07-10T11:33:38Z,-0.112,27.5428,0.9117,0.8594,29.442,30.947858,4.563,57.837,5.931,264.2389,896.45,1.448248489740178,-0.002,0
2019-07-10T11:33:38Z,-0.113,27.5448,0.91,0.8842,29.457,30.96565,4.5417,57.569,5.928,264.165,896.13,1.4489675250887162,-0.003,0
2019-07-10T11:33:38Z,-0.113,27.5471,0.8974,0.8648,29.434,30.94339,4.5212,57.312,5.924,264.0009,896.43,1.4477041124506365,-0.003,0
2019-07-10T11:33:38Z,-0.114,27.5494,0.8543,0.8548,29.363,30.869065,4.5027,57.08,5.916,263.8036,896.15,1.4439486930412673,-0.003,0
2019-07-10T11:33:38Z,-0.115,27.5517,0.7969,0.8947,29.323,30.828448,4.4853,56.862,5.905,264.0171,895.34,1.4418034484796343,-0.002,0
2019-07-10T11:33:38Z,-0.116,27.5539,0.7752,0.9202,29.387,30.896464,4.4686,56.652,5.892,264.6034,896.79,1.445060143597402,-0,0
2019-07-10T11:33:38Z,-0.116,27.5559,0.7745,0.9017,29.478,30.993456,4.4529,56.454,5.88,264.9558,898.77,1.4497249651560624,-7.648e-8,0
2019-07-10T11:33:38Z,-0.115,27.5578,0.7713,0.8676,29.531,31.049368,4.4385,56.274,5.874,264.8363,899.5,1.452420027697697,-8.412e-7,0
2019-07-10T11:33:38Z,-0.114,27.5599,0.7705,0.8684,29.545,31.064861,4.425,56.104,5.873,264.7076,901.21,1.4530838312570613,-0,0
2019-07-10T11:33:38Z,-0.113,27.562,0.774,0.9113,29.533,31.053871,4.4099,55.914,5.873,264.8617,903.25,1.4523975284458832,-0,0
2019-07-10T11:33:38Z,-0.114,27.5632,0.778,0.9271,29.522,31.043395,4.3937,55.711,5.873,265.2368,904.21,1.4517903165954853,-0.001,0
2019-07-10T11:33:38Z,-0.116,27.5643,0.7763,0.896,29.541,31.065108,4.379,55.526,5.873,265.9734,904.41,1.4527438113832802,-0.001,0
2019-07-10T11:33:38Z,-0.117,27.5659,0.7705,0.8627,29.538,31.062591,4.3645,55.345,5.873,266.8846,905.22,1.4525399389263376,-0.001,0
2019-07-10T11:33:38Z,-0.117,27.5677,0.7681,0.8532,29.49,31.012971,4.3495,55.156,5.871,267.2193,906.98,1.4499938102572871,-0.001,0
2019-07-10T11:33:38Z,-0.116,27.5704,0.7736,0.879,29.45,30.972781,4.335,54.975,5.868,266.9235,908.41,1.4478364225691849,-0,0
2019-07-10T11:33:38Z,-0.116,27.5727,0.7938,0.9122,29.435,30.957383,4.3207,54.795,5.866,266.5782,909.19,1.446988957003507,0.001,0
2019-07-10T11:33:38Z,-0.116,27.5745,0.8215,0.8941,29.43,30.953699,4.3073,54.627,5.862,266.2281,910.66,1.4466755627266683,0.001,0
2019-07-10T11:33:38Z,-0.116,27.5766,0.8406,0.8566,29.405,30.928246,4.2967,54.494,5.858,265.7869,913.7,1.4453152924895403,0.001,0
2019-07-10T11:33:38Z,-0.115,27.5786,0.8506,0.8525,29.381,30.903443,4.2873,54.377,5.855,265.6321,917.33,1.4440100959526363,0.001,0
2019-07-10T11:33:38Z,-0.115,27.5804,0.8643,0.8442,29.384,30.907636,4.2777,54.256,5.852,265.9051,920.51,1.44411194623312,0.002,0
2019-07-10T11:33:38Z,-0.115,27.5822,0.8855,0.8222,29.39,30.915493,4.2685,54.14,5.849,266.248,922.52,1.4443694725489828,0.003,0
2019-07-10T11:33:38Z,-0.114,27.5839,0.8984,0.8483,29.408,30.934983,4.2593,54.026,5.847,266.595,923.57,1.4452525809812964,0.003,0
2019-07-10T11:33:38Z,-0.113,27.5857,0.8985,0.8974,29.424,30.952926,4.2518,53.931,5.847,266.8307,925.13,1.446028860585183,0.002,0
2019-07-10T11:33:38Z,-0.111,27.5871,0.8959,0.8913,29.413,30.942085,4.2458,53.856,5.848,266.7757,927.8,1.4454162300500282,0.002,0
2019-07-10T11:33:38Z,-0.111,27.5882,0.8843,0.8398,29.402,30.930811,4.2374,53.751,5.849,266.6181,930.52,1.4448126337716538,0.002,0
2019-07-10T11:33:38Z,-0.111,27.5895,0.8625,0.7997,29.413,30.943517,4.2265,53.615,5.851,266.5599,932.62,1.4453444418526014,0.002,0
2019-07-10T11:33:38Z,-0.111,27.5908,0.8487,0.7992,29.436,30.968805,4.2167,53.492,5.851,266.8466,934.45,1.4464988095053999,0.001,0
2019-07-10T11:33:38Z,-0.111,27.5924,0.8474,0.8343,29.448,30.982753,4.2072,53.372,5.846,267.4172,936.24,1.4470734872383657,0.001,0
2019-07-10T11:33:38Z,-0.11,27.5942,0.8639,0.8628,29.449,30.985259,4.1968,53.242,5.837,268.0377,938.2,1.4470714533815896,0.001,0
2019-07-10T11:33:38Z,-0.11,27.5958,0.8919,0.8495,29.462,30.999114,4.1875,53.126,5.826,268.7563,940.8,1.447697955519729,0.001,0
2019-07-10T11:33:38Z,-0.11,27.5973,0.9093,0.8372,29.484,31.02336,4.179,53.02,5.815,269.2225,944.15,1.4487943831713586,0,0
2019-07-10T11:33:38Z,-0.11,27.5988,0.9101,0.8782,29.484,31.02461,4.1696,52.903,5.805,269.1146,947.86,1.4487494155800613,0,0
2019-07-10T11:33:38Z,-0.11,27.6005,0.8747,0.9187,29.473,31.014217,4.1601,52.783,5.798,268.8289,951.5,1.4481278117603265,-0.001,0
2019-07-10T11:33:38Z,-0.11,27.6022,0.8202,0.901,29.482,31.024611,4.1502,52.659,5.795,268.6929,954.69,1.4485437471210658,-0.001,0
2019-07-10T11:33:38Z,-0.111,27.604,0.7882,0.8606,29.48,31.023372,4.1397,52.527,5.795,268.6754,957.56,1.4483860669169626,-0.001,0
2019-07-10T11:33:38Z,-0.111,27.6057,0.7739,0.824,29.456,30.999239,4.1297,52.402,5.8,268.6174,960.93,1.4470902635775773,-0.001,0
2019-07-10T11:33:38Z,-0.111,27.6071,0.7852,0.8195,29.443,30.986643,4.1205,52.288,5.806,268.5075,964.94,1.4463740784083765,0,0
2019-07-10T11:33:38Z,-0.112,27.6088,0.8208,0.8712,29.453,30.99798,4.1121,52.183,5.811,268.3788,968.87,1.4468418473062943,0,0
2019-07-10T11:33:38Z,-0.112,27.6105,0.8403,0.8921,29.463,31.009414,4.1052,52.095,5.815,268.1802,972.01,1.4473096086020265,0,0
2019-07-10T11:33:38Z,-0.111,27.612,0.8394,0.8428,29.452,30.99798,4.0997,52.027,5.818,267.9137,974.86,1.4466942051113936,0.001,0
2019-07-10T11:33:38Z,-0.111,27.6138,0.8531,0.8328,29.441,30.986641,4.0947,51.965,5.822,267.6514,978.1,1.4460698803630754,0.001,0
2019-07-10T11:33:38Z,-0.111,27.6154,0.8844,0.8688,29.452,30.999227,4.0904,51.912,5.825,267.5036,980.69,1.4465924394777698,0.002,0
2019-07-10T11:33:38Z,-0.111,27.6168,0.9065,0.8851,29.474,31.023247,4.087,51.87,5.827,267.5032,982.19,1.4476914143873068,0.002,0
2019-07-10T11:33:38Z,-0.11,27.6182,0.9118,0.899,29.473,31.023249,4.0837,51.829,5.828,267.6465,983.78,1.4475976182406665,0.002,0
2019-07-10T11:33:38Z,-0.109,27.6198,0.8795,0.9055,29.449,30.99925,4.0802,51.786,5.83,267.7734,985.38,1.4463052082809376,0.002,0
2019-07-10T11:33:38Z,-0.108,27.6212,0.8194,0.8983,29.437,30.98689,4.0757,51.731,5.832,267.8333,986.7,1.445641113802829,0.002,0
2019-07-10T11:33:38Z,-0.108,27.6219,0.7834,0.8774,29.45,31.000716,4.0694,51.651,5.837,268.1126,988.12,1.4462942067709101,0.002,0
2019-07-10T11:33:38Z,-0.108,27.623,0.7734,0.8168,29.486,31.039515,4.0635,51.578,5.841,268.6553,989.54,1.4481279620056768,0.001,0
2019-07-10T11:33:38Z,-0.108,27.6242,0.7766,0.7883,29.519,31.075285,4.057,51.496,5.846,269.1464,991.34,1.4498031854912925,0.001,0
2019-07-10T11:33:38Z,-0.108,27.6256,0.8131,0.8276,29.497,31.052482,4.049,51.396,5.851,269.4046,992.9,1.4486204197530745,0,0
2019-07-10T11:33:38Z,-0.108,27.627,0.8765,0.8659,29.223,30.763813,4.0456,51.354,5.859,269.4539,990.43,1.4343761952530196,-3.875e-7,0
2019-07-10T11:33:38Z,-0.108,27.6281,0.9098,0.8904,28.498,29.996215,4.0646,51.585,5.868,269.3121,987.97,1.3968110615780425,0,0
2019-07-10T11:33:38Z,-0.108,27.6293,0.9043,0.8945,27.635,29.068398,4.1907,53.148,5.875,269.1531,991.58,1.3521886568855075,0,0
2019-07-10T11:33:38Z,-0.108,27.6307,0.9049,0.8832,27.12,28.492022,4.5541,57.69,5.878,269.0798,995.89,1.325588611383582,-0.001,0
2019-07-10T11:33:38Z,-0.108,27.6323,0.9171,0.8852,26.962,28.293418,5.1716,65.442,5.876,268.77,999.07,1.3174033093589983,-0.001,0
2019-07-10T11:33:38Z,-0.108,27.6328,0.9136,0.8857,26.944,28.253195,5.9097,74.732,5.87,268.1615,1002.5,1.3164623964013473,0,0
2019-07-10T11:33:38Z,-0.108,27.5983,0.8972,0.8563,26.961,28.259432,6.6255,83.755,5.862,267.7442,1002,1.3182777232940592,0.001,0
2019-07-10T11:33:38Z,-0.109,27.5203,0.8834,0.8252,26.949,28.241913,7.2348,91.442,5.858,267.5108,1000.4,1.3197865812323408,0.002,0
2019-07-10T11:33:38Z,-0.109,27.4538,0.8771,0.837,26.881,28.168267,7.6903,97.192,5.867,266.9742,1004.6,1.3180891873644567,0.002,0
2019-07-10T11:33:38Z,-0.107,27.4158,0.8726,0.8348,26.847,28.130312,7.9789,100.831,5.882,266.3319,1008.4,1.3173682853238375,0.001,0
2019-07-10T11:33:38Z,-0.104,27.3976,0.8548,0.7983,26.882,28.163678,8.1037,102.396,5.885,266.198,1003.4,1.3196768821562157,-0.001,0
2019-07-10T11:33:38Z,-0.104,27.3912,0.8097,0.8213,26.911,28.191021,8.0789,102.075,5.881,266.4744,986.84,1.3213533281074887,-0.001,0
2019-07-10T11:33:38Z,-0.106,27.387,0.7523,0.8842,26.927,28.20713,7.9486,100.428,5.882,266.4036,952.74,1.3222968942054723,-0.001,0
2019-07-10T11:33:38Z,-0.11,27.3835,0.7329,0.9028,26.949,28.23156,7.7723,98.203,5.882,265.9451,909.82,1.3235321453107847,0,0
2019-07-10T11:33:38Z,-0.112,27.3752,0.74,0.8834,26.949,28.23261,7.5955,95.972,5.884,265.6625,882.41,1.3237600100949283,0,0
2019-07-10T11:33:38Z,-0.111,27.3694,0.7338,0.8458,26.936,28.219827,7.4416,94.032,5.895,265.74,891.15,1.3232458815901968,-0.001,0
2019-07-10T11:33:38Z,-0.106,27.3703,0.7277,0.8408,26.92,28.203904,7.322,92.524,5.909,266.0212,935.73,1.3223923460857072,-0.003,0
2019-07-10T11:33:38Z,-0.102,27.3717,0.7268,0.8885,26.884,28.166981,7.2369,91.452,5.921,266.2232,974.54,1.3204893487652105,-0.004,0
2019-07-10T11:33:38Z,-0.106,27.3741,0.7223,0.8987,26.87,28.154065,7.1772,90.7,5.931,266.1174,973.69,1.3196986977609606,-0.004,0
2019-07-10T11:33:38Z,-0.115,27.3774,0.7261,0.8656,26.89,28.174628,7.1382,90.207,5.936,265.861,951.93,1.3206441955164188,-0.004,0
2019-07-10T11:33:38Z,-0.119,27.379,0.7463,0.849,26.878,28.161823,7.1176,89.946,5.93,265.8767,936.41,1.3199790500314321,-0.001,0
2019-07-10T11:33:38Z,-0.118,27.3807,0.7762,0.8615,26.844,28.126138,7.1043,89.778,5.912,266.0485,931.61,1.3181720820084883,0.004,0
2019-07-10T11:33:38Z,-0.114,27.3825,0.7931,0.8865,26.843,28.123831,7.0957,89.665,5.896,265.9594,935.19,1.318071083010723,0.008,0
2019-07-10T11:33:38Z,-0.108,27.3829,0.7855,0.8889,26.853,28.133918,7.0934,89.633,5.891,265.7464,947.63,1.3185777720412746,0.009,0
2019-07-10T11:33:38Z,-0.1,27.3826,0.7621,0.8902,26.842,28.12121,7.0874,89.556,5.894,265.9682,960.77,1.3180163397352094,0.007,0
2019-07-10T11:33:38Z,-0.098,27.3818,0.7356,0.9017,26.819,28.097069,7.0778,89.434,5.898,266.4047,961.87,1.3168474330651248,0.004,0
2019-07-10T11:33:38Z,-0.103,27.3799,0.7256,0.8974,26.817,28.095808,7.0698,89.335,5.902,266.4634,953.15,1.316795888033867,0.001,0
2019-07-10T11:33:38Z,-0.108,27.3775,0.7357,0.871,26.827,28.105971,7.0663,89.291,5.902,266.4189,944.29,1.3173792605453236,-0.004,0
2019-07-10T11:33:38Z,-0.109,27.3763,0.7543,0.8448,26.814,28.093064,7.0686,89.32,5.899,266.3824,940.7,1.3167389611308837,-0.009,0
2019-07-10T11:33:38Z,-0.107,27.376,0.7678,0.8428,26.789,28.066638,7.0734,89.379,5.896,266.2813,944.38,1.315452766634162,-0.014,0
2019-07-10T11:33:38Z,-0.106,27.3767,0.7782,0.8464,26.766,28.04023,7.0801,89.459,5.895,266.4013,952.33,1.3142429604515986,-0.02,0
2019-07-10T11:33:38Z,-0.111,27.378,0.7851,0.8228,26.756,28.027541,7.0847,89.512,5.893,266.6287,962.03,1.3136899220801164,-0.026,0
2019-07-10T11:33:38Z,-0.121,27.3789,0.7644,0.787,26.768,28.040106,7.0764,89.407,5.89,266.6214,967.89,1.3142867093775779,-0.032,0
2019-07-10T11:33:38Z,-0.135,27.3779,0.727,0.7738,26.791,28.065265,7.0518,89.098,5.886,266.3986,959.63,1.3155048388421975,-0.033,0
2019-07-10T11:33:38Z,-0.15,27.3735,0.7142,0.7944,26.802,28.077952,7.0212,88.713,5.881,266.344,944.23,1.3161946258102524,-0.029,0
2019-07-10T11:33:38Z,-0.16,27.3692,0.7227,0.8396,26.792,28.066616,6.9977,88.416,5.871,266.5638,942.58,1.3157943456436245,-0.019,0
2019-07-10T11:33:38Z,-0.162,27.3693,0.7253,0.8611,26.781,28.055091,6.9814,88.21,5.86,266.647,953.68,1.3152220379423607,-0.009,0
2019-07-10T11:33:38Z,-0.158,27.3722,0.7284,0.8582,26.791,28.065504,6.9584,87.92,5.856,266.4892,952.2,1.3156606536489825,-0.003,0
2019-07-10T11:33:38Z,-0.152,27.3733,0.7518,0.87,26.791,28.065629,6.9235,87.48,5.859,266.3768,931.14,1.3156305269673092,-0.002,0
2019-07-10T11:33:38Z,-0.147,27.3723,0.7735,0.8727,26.781,28.056601,6.8933,87.1,5.863,266.5787,911.35,1.3151399706472249,-0.006,0
2019-07-10T11:33:38Z,-0.149,27.3721,0.7743,0.8582,26.806,28.083237,6.882,86.959,5.865,266.9517,904.2,1.316439879167287,-0.011,0
2019-07-10T11:33:38Z,-0.158,27.3723,0.7523,0.859,26.854,28.133907,6.8873,87.028,5.865,267.0143,900.68,1.3189200480267618,-0.016,0
2019-07-10T11:33:38Z,-0.169,27.3732,0.7162,0.8821,26.879,28.161689,6.904,87.243,5.866,266.9927,895.43,1.3201902243860173,-0.017,0
2019-07-10T11:33:38Z,-0.177,27.3739,0.7013,0.9073,26.882,28.165368,6.9345,87.631,5.867,267.2058,893.96,1.3203265555739931,-0.014,0
2019-07-10T11:33:38Z,-0.179,27.3745,0.7019,0.9013,26.893,28.178389,6.9818,88.229,5.867,267.3536,896.64,1.3208797667715937,-0.008,0
2019-07-10T11:33:38Z,-0.177,27.3771,0.6982,0.8762,26.907,28.192244,7.0374,88.932,5.866,267.4035,897.14,1.3215334914963077,-0.002,0
2019-07-10T11:33:38Z,-0.173,27.38,0.7,0.8652,26.921,28.205993,7.0878,89.567,5.865,267.5515,893.75,1.3221789566889581,0.003,0
2019-07-10T11:33:38Z,-0.169,27.3822,0.7064,0.8668,26.932,28.217738,7.1246,90.032,5.865,267.7659,893.84,1.3226881921424598,0.005,0
2019-07-10T11:33:38Z,-0.168,27.3827,0.7149,0.8631,26.921,28.207355,7.1461,90.303,5.865,267.9308,898.64,1.322104864572545,0.004,0
2019-07-10T11:33:38Z,-0.169,27.381,0.7163,0.8528,26.921,28.207346,7.1542,90.409,5.864,268.0823,901.83,1.3221514998904245,0.002,0
2019-07-10T11:33:38Z,-0.17,27.3798,0.697,0.8405,26.931,28.217624,7.1501,90.358,5.864,268.479,902.99,1.3227022637259929,0,0
2019-07-10T11:33:38Z,-0.17,27.3797,0.6808,0.846,26.919,28.204734,7.1346,90.162,5.865,268.9421,904.34,1.3220835740836612,0,0
2019-07-10T11:33:38Z,-0.17,27.3808,0.676,0.8537,26.894,28.178393,7.1094,89.843,5.867,269.0361,906.59,1.3207588430701198,0,0
2019-07-10T11:33:38Z,-0.17,27.3826,0.6735,0.8348,26.87,28.152909,7.0798,89.467,5.87,268.9271,908.12,1.3194669047629761,0.001,0
2019-07-10T11:33:38Z,-0.17,27.3826,0.6777,0.8144,26.868,28.150393,7.0552,89.155,5.873,268.8277,906.46,1.3193633539665268,0.003,0
2019-07-10T11:33:38Z,-0.169,27.3819,0.6837,0.8039,26.866,28.147973,7.0376,88.931,5.876,268.7808,902.35,1.3192789415082808,0.004,0
2019-07-10T11:33:38Z,-0.168,27.3815,0.6931,0.8389,26.844,28.123653,7.0204,88.711,5.879,268.7912,898.63,1.3181508285801795,0.006,0
2019-07-10T11:33:38Z,-0.166,27.3812,0.6957,0.8769,26.832,28.110114,7,88.451,5.881,268.7808,896.83,1.3175377308636824,0.007,0
2019-07-10T11:33:38Z,-0.163,27.3804,0.6812,0.8369,26.832,28.111162,6.9806,88.206,5.883,268.913,897.27,1.317559550979132,0.008,0
2019-07-10T11:33:38Z,-0.16,27.3788,0.6737,0.7811,26.856,28.136332,6.9694,88.066,5.884,269.185,898.24,1.31884585853409,0.008,0
2019-07-10T11:33:38Z,-0.158,27.377,0.683,0.7922,26.879,28.16066,6.9693,88.067,5.887,269.3166,899.31,1.3200860344922365,0.007,0
2019-07-10T11:33:38Z,-0.157,27.3762,0.6893,0.8404,26.87,28.151525,6.9772,88.168,5.889,269.3851,901.92,1.3196418760367838,0.005,0
2019-07-10T11:33:38Z,-0.156,27.3765,0.6985,0.8722,26.87,28.152774,6.9878,88.304,5.889,269.4974,905.96,1.3196336531615647,0.003,0
2019-07-10T11:33:38Z,-0.155,27.3773,0.7155,0.8817,26.892,28.175758,6.9962,88.409,5.89,269.6418,909.65,1.3207509674666336,0.001,0
2019-07-10T11:33:38Z,-0.155,27.3784,0.7218,0.857,26.892,28.175645,6.9987,88.441,5.892,269.9258,911.53,1.3207208257320824,0,0
2019-07-10T11:33:38Z,-0.156,27.3795,0.7231,0.8357,26.87,28.151412,6.9936,88.375,5.893,270.1793,913.08,1.3195515547944825,-0.001,0
2019-07-10T11:33:38Z,-0.156,27.38,0.7304,0.8533,26.856,28.13654,6.9791,88.19,5.893,270.2976,915.02,1.318812988873367,-0.002,0
2019-07-10T11:33:38Z,-0.157,27.3805,0.7324,0.8734,26.843,28.122707,6.9581,87.923,5.893,270.3235,916.17,1.318126238828971,-0.003,0
2019-07-10T11:33:38Z,-0.158,27.3805,0.7305,0.8829,26.832,28.111049,6.9361,87.644,5.893,270.3201,916.75,1.3175567560574604,-0.003,0
2019-07-10T11:33:38Z,-0.159,27.3796,0.7335,0.8698,26.843,28.122479,6.9131,87.355,5.894,270.4282,917.46,1.318150877783073,-0.002,0
2019-07-10T11:33:38Z,-0.16,27.3776,0.7255,0.846,26.853,28.134022,6.891,87.077,5.895,270.5126,919,1.3187233427888347,-0.001,0
2019-07-10T11:33:38Z,-0.16,27.3758,0.7021,0.8238,26.843,28.123726,6.8765,86.893,5.895,270.5665,921.36,1.318254771321754,0.001,0
2019-07-10T11:33:38Z,-0.159,27.3758,0.685,0.7984,26.845,28.124879,6.8733,86.852,5.897,270.736,922.69,1.3183583176133225,0.003,0
2019-07-10T11:33:38Z,-0.158,27.377,0.6835,0.8014,26.868,28.147959,6.8822,86.96,5.9,270.9261,922.42,1.3195164316586228,0.005,0
2019-07-10T11:33:38Z,-0.156,27.3782,0.6923,0.8271,26.872,28.149,6.8999,87.176,5.901,271.0589,920.78,1.3196906779932176,0.007,0
2019-07-10T11:33:38Z,-0.154,27.3787,0.7047,0.8474,26.863,28.137456,6.9172,87.389,5.902,271.1376,917.76,1.3192109541561552,0.008,0
2019-07-10T11:33:38Z,-0.152,27.3782,0.7117,0.8177,26.862,28.135271,6.9277,87.517,5.905,271.189,915.55,1.3191728413529966,0.008,0
2019-07-10T11:33:38Z,-0.149,27.3751,0.7166,0.7947,26.85,28.122583,6.9335,87.589,5.907,271.2502,915.63,1.3186362469574682,0.008,0
2019-07-10T11:33:38Z,-0.147,27.3698,0.7205,0.8322,26.84,28.110934,6.9374,87.637,5.908,271.36130000000003,915.99,1.3182633027154538,0.008,0
2019-07-10T11:33:38Z,-0.145,27.3653,0.7246,0.8445,26.85,28.121314,6.9373,87.634,5.909,271.4998,915.03,1.3189042338549712,0.007,0
2019-07-10T11:33:38Z,-0.144,27.3627,0.7314,0.8125,26.85,28.121201,6.9286,87.523,5.909,271.6343,914.38,1.3189753647743003,0.007,0
2019-07-10T11:33:38Z,-0.142,27.3617,0.7247,0.8052,26.84,28.109561,6.9109,87.298,5.909,271.7828,916.1,1.3184847509104372,0.006,0
2019-07-10T11:33:38Z,-0.14,27.362,0.7131,0.8551,26.838,28.107462,6.8933,87.074,5.909,271.8321,919.22,1.318372921035452,0.006,0
2019-07-10T11:33:38Z,-0.138,27.3612,0.73,0.892,26.827,28.095822,6.8893,87.022,5.907,271.8009,922.49,1.3178250429411562,0.006,0
2019-07-10T11:33:38Z,-0.137,27.3595,0.7641,0.8915,26.828,28.095719,6.9047,87.216,5.905,271.749,925.48,1.3179232975340796,0.006,0
2019-07-10T11:33:38Z,-0.136,27.3586,0.7788,0.8807,26.838,28.106214,6.9304,87.54,5.903,271.549,926.01,1.3184658812250236,0.006,0
2019-07-10T11:33:38Z,-0.135,27.3576,0.7775,0.8597,26.828,28.095821,6.9559,87.865,5.903,271.3616,926.56,1.3179752299532779,0.007,0
2019-07-10T11:33:38Z,-0.132,27.3567,0.7653,0.8664,26.828,28.096957,6.9809,88.181,5.904,271.3762,929.85,1.3179997739579048,0.011,0
2019-07-10T11:33:38Z,-0.13,27.3563,0.744,0.8969,26.85,28.119942000000002,7.01,88.549,5.904,271.2947,933.11,1.3191502834246718,0.017,0
2019-07-10T11:33:38Z,-0.128,27.3566,0.728,0.9008,26.851,28.119962,7.0452,88.991,5.899,271.0648,932.26,1.319193874933483,0.026,0
2019-07-10T11:33:38Z,-0.123,27.3576,0.7197,0.8811,26.831,28.097193999999998,7.0813,89.443,5.887,270.6623,928.13,1.318130483598406,0.037,0
2019-07-10T11:33:38Z,-0.113,27.3582,0.7132,0.8875,26.833,28.098426,7.1117,89.823,5.871,269.869,925.52,1.3182175459159253,0.05,0
2019-07-10T11:33:38Z,-0.098,27.3587,0.7102,0.9129,26.868,28.134854,7.1352,90.118,5.857,269.0455,920.83,1.3200166443380978,0.066,0
2019-07-10T11:33:38Z,-0.079,27.357,0.7174,0.8924,26.89,28.156977,7.1544,90.357,5.85,268.5343,893.93,1.3212026566176032,0.082,0
2019-07-10T11:33:38Z,-0.056,27.3539,0.722,0.8371,26.969,28.23902,7.1681,90.528,5.85,268.3338,818.85,1.3253807062345806,0.097,0
2019-07-10T11:33:38Z,-0.028,27.3522,0.7233,0.8336,27.152,28.428925,7.1736,90.594,5.85,268.2561,717.75,1.3349127469408855,0.107,0
2019-07-10T11:33:38Z,0.005,27.3498,0.7329,0.8838,27.148,28.422837,7.1696,90.536,5.847,268.1979,653,1.3347713980867557,0.113,0
2019-07-10T11:33:38Z,0.039,27.3476,0.7338,0.8872,26.908,28.165407,7.1569,90.357,5.84,268.4041,661.11,1.322391565127179,0.117,0
2019-07-10T11:33:38Z,0.069,27.347,0.7256,0.8416,26.741,27.981061,7.1435,90.16,5.833,268.7705,675.74,1.3137557200798478,0.119,0
2019-07-10T11:33:38Z,0.095,27.3454,0.7293,0.8228,26.68,27.906923,7.1377,90.056,5.83,269.0143,620.56,1.310639588931924,0.119,0
2019-07-10T11:33:38Z,0.123,27.3428,0.7609,0.8893,26.624,27.83999,7.1374,90.025,5.831,269.3728,553.51,1.307809767426198,0.12,0
2019-07-10T11:33:38Z,0.155,27.3324,0.814,1.0238,26.599,27.806213,7.1426,90.069,5.834,270.0078,517.79,1.3067967154183906,0.123,0
2019-07-10T11:33:38Z,0.187,27.3112,0.8421,1.1049,26.614,27.815732,7.1556,90.215,5.839,270.669,494.01,1.308148663879976,0.128,0
2019-07-10T11:33:38Z,0.22,27.291,0.8398,1.0841,26.63,27.828184,7.1751,90.448,5.844,271.2575,471.37,1.3095264217928748,0.132,0
2019-07-10T11:33:38Z,0.255,27.275,0.8384,1.0012,26.635,27.829874,7.1987,90.735,5.849,271.704,441.27,1.310220443962125,0.132,0
2019-07-10T11:33:38Z,0.292,27.2613,0.8432,0.8901,26.644,27.836165,7.2202,90.996,5.853,271.8512,410.47,1.3110597298286568,0.126,0
2019-07-10T11:33:38Z,0.329,27.2501,0.8449,0.8217,26.651,27.840798,7.2328,91.147,5.855,271.9191,384.37,1.3117275578696588,0.116,0
2019-07-10T11:33:38Z,0.36,27.2419,0.8423,0.8288,26.635,27.822437999999998,7.2359,91.181,5.855,272.0946,364.3,1.3111203063282726,0.104,0
2019-07-10T11:33:38Z,0.383,27.2358,0.8553,0.8779,26.619,27.804507,7.2361,91.18,5.855,272.2526,348.53,1.3104557940873387,0.092,0
2019-07-10T11:33:38Z,0.4,27.23,0.8891,0.9243,26.63,27.814327,7.2378,91.198,5.852,272.367,329.9,1.3111845656239904,0.082,0
2019-07-10T11:33:38Z,0.415,27.2253,0.9131,0.897,26.631,27.814275,7.2378,91.195,5.852,272.6173,308.2,1.311364371741563,0.073,0
2019-07-10T11:33:38Z,0.43,27.222,0.9106,0.8106,26.622,27.803878,7.2317,91.115,5.853,273.0421,286.64,1.3109868993346276,0.065,0
2019-07-10T11:33:38Z,0.45,27.2197,0.9112,0.7643,26.634,27.815507,7.2209,90.977,5.856,273.3726,265.93,1.3116723847079195,0.057,0
2019-07-10T11:33:38Z,0.471,27.2178,0.9379,0.796,26.646,27.827997,7.208,90.813,5.863,273.6018,247.19,1.3123469305985338,0.051,0
2019-07-10T11:33:38Z,0.484,27.2158,0.9652,0.8335,26.646,27.827998,7.1897,90.581,5.868,273.8351,231.14,1.312401300553823,0.048,0
2019-07-10T11:33:38Z,0.488,27.2141,0.9722,0.8256,26.634,27.815523,7.1634,90.25,5.869,274.0425,218.14,1.3118245720707067,0.05,0
2019-07-10T11:33:38Z,0.491,27.2127,0.9531,0.7981,26.623,27.804049,7.1318,89.851,5.865,274.3026,211.4,1.3112915334485522,0.06,0
2019-07-10T11:33:38Z,0.501,27.212,0.9256,0.7965,26.635,27.816156,7.1053,89.517,5.86,274.7427,210.4,1.3119336669890376,0.078,0
2019-07-10T11:33:38Z,0.521,27.2116,0.917,0.8384,26.654,27.835013,7.0897,89.32,5.855,275.2345,208.95,1.3129309996288856,0.106,0
2019-07-10T11:33:38Z,0.553,27.2106,0.9176,0.8787,26.66,27.841716,7.0804,89.203,5.852,275.4303,207.8,1.313269468403687,0.14,0
2019-07-10T11:33:38Z,0.594,27.2103,0.9158,0.8905,26.653,27.833755,7.0776,89.165,5.852,275.4748,209.05,1.312913631802203,0.171,0
2019-07-10T11:33:38Z,0.645,27.2105,0.9209,0.8831,26.624,27.802202,7.0808,89.198,5.852,275.6018,208.1,1.3114015529992709,0.191,0
2019-07-10T11:33:38Z,0.706,27.2109,0.9446,0.8871,26.603,27.777422,7.091,89.32,5.852,275.6744,203.83,1.3102993971191543,0.197,0
2019-07-10T11:33:38Z,0.769,27.211,0.9683,0.9071,26.616,27.787908,7.1049,89.488,5.854,275.6639,199.43,1.3109708940086855,0.191,0
2019-07-10T11:33:38Z,0.825,27.2095,0.9735,0.8949,26.631,27.802108,7.1156,89.617,5.855,275.6472,195.91,1.311790011617272,0.176,0
2019-07-10T11:33:38Z,0.867,27.2053,0.9817,0.8701,26.651,27.822213,7.1248,89.728,5.855,275.8166,193.11,1.3129427683558106,0.156,0
2019-07-10T11:33:38Z,0.896,27.2,1.0069,0.8706,26.67,27.840659,7.1316,89.81,5.853,276.2498,190.39,1.3140741246605185,0.14,0
2019-07-10T11:33:38Z,0.919,27.196,1.0263,0.8672,26.666,27.834797,7.1422,89.939,5.849,276.5825,186.37,1.313975350352315,0.131,0
2019-07-10T11:33:38Z,0.943,27.1924,1.0338,0.8617,26.649,27.814779,7.1561,90.109,5.846,276.5704,180.56,1.3131902147459549,0.132,0
2019-07-10T11:33:38Z,0.973,27.1898,1.0196,0.8699,26.626,27.788958,7.1588,90.136,5.843,276.5338,173.23,1.312065955437806,0.142,0
2019-07-10T11:33:38Z,1.014,27.1873,0.985,0.8687,26.617,27.776365,7.1508,90.026,5.84,276.655,164.81,1.3116660404349025,0.155,0
2019-07-10T11:33:38Z,1.063,27.1844,0.9719,0.8463,26.633,27.789402,7.1448,89.941,5.838,276.7456,157.18,1.3125758151383058,0.165,0
2019-07-10T11:33:38Z,1.111,27.1814,0.9814,0.8291,26.664,27.819688,7.1392,89.864,5.838,276.7698,151.44,1.3142680183905504,0.169,0
2019-07-10T11:33:38Z,1.157,27.177,0.9872,0.8239,26.671,27.825332,7.1327,89.775,5.839,276.7757,146.22,1.3147515270690384,0.164,0
2019-07-10T11:33:38Z,1.201,27.1711,0.9821,0.8162,26.642,27.794196,7.1334,89.78,5.841,276.817,141.62,1.3134049830974595,0.153,0
2019-07-10T11:33:38Z,1.24,27.1651,0.9717,0.8345,26.611,27.76045,7.1404,89.865,5.842,276.9246,138.73,1.311957090056431,0.138,0
2019-07-10T11:33:38Z,1.271,27.1603,0.9653,0.8817,26.587,27.73452,7.152,90.01,5.843,277.0442,136.48,1.3108402158181338,0.124,0
2019-07-10T11:33:38Z,1.298,27.1567,0.9653,0.8953,26.587,27.734459,7.1643,90.163,5.844,277.1443,134.21,1.3109380649204514,0.111,0
2019-07-10T11:33:38Z,1.323,27.1541,0.9631,0.8678,26.612,27.759708,7.1721,90.259,5.842,277.1875,132.73,1.312308331247633,0.101,0
2019-07-10T11:33:38Z,1.346,27.1521,0.9558,0.8437,26.638,27.786027,7.176,90.306,5.839,277.1365,131.79,1.313714488696114,0.096,0
2019-07-10T11:33:38Z,1.369,27.1515,0.9558,0.8336,26.651,27.798905,7.1781,90.33,5.836,277.1301,130.77,1.3144065619696592,0.094,0
2019-07-10T11:33:38Z,1.392,27.151,0.9627,0.8435,26.641,27.788525,7.1809,90.364,5.833,277.2831,129.95,1.3138999777659113,0.094,0
2019-07-10T11:33:38Z,1.416,27.1495,0.9782,0.8648,26.64,27.7874,7.1872,90.444,5.83,277.4375,129.25,1.3138886976912652,0.094,0
2019-07-10T11:33:38Z,1.441,27.1478,1.0042,0.8946,26.638,27.785303,7.1977,90.577,5.825,277.4488,128.24,1.313830859759105,0.093,0
2019-07-10T11:33:38Z,1.466,27.1463,1.0168,0.9095,26.617,27.763178,7.2098,90.731,5.82,277.3336,127.29,1.3127795629495411,0.088,0
2019-07-10T11:33:38Z,1.49,27.1461,1.0179,0.8815,26.627,27.773664,7.2215,90.878,5.822,277.3348,126.33,1.3133047265179771,0.083,0
2019-07-10T11:33:38Z,1.512,27.1466,1.018,0.8502,26.638,27.785198,7.2305,90.989,5.829,277.5493,124.98,1.3138627721745393,0.08,0
2019-07-10T11:33:38Z,1.53,27.1472,1.018,0.8258,26.63,27.775743,7.2355,91.051,5.837,277.6901,123.71,1.3134301232597487,0.082,0
2019-07-10T11:33:38Z,1.543,27.1476,1.0273,0.8171,26.64,27.786229,7.2349,91.041,5.843,277.661,122.54,1.3139390816731678,0.087,0
2019-07-10T11:33:38Z,1.559,27.1473,1.0347,0.8432,26.64,27.785103,7.2279,90.95,5.848,277.6274,120.75,1.3139471326313723,0.095,0
2019-07-10T11:33:38Z,1.586,27.1468,1.0458,0.8466,26.62,27.76212,7.217,90.808,5.85,277.6278,118.27,1.3129204661843936,0.102,0
2019-07-10T11:33:38Z,1.622,27.1461,1.0667,0.8246,26.621,27.762119,7.2039,90.639,5.851,277.5798,115.94,1.3129910978331867,0.106,0
2019-07-10T11:33:38Z,1.658,27.1447,1.0791,0.8396,26.644,27.785084,7.1919,90.485,5.853,277.4779,114.07,1.3142249235315606,0.104,0
2019-07-10T11:33:38Z,1.688,27.1427,1.0833,0.8644,26.645,27.78601,7.1863,90.413,5.856,277.4277,112.07,1.3143312466853145,0.094,0
2019-07-10T11:33:38Z,1.711,27.1397,1.0743,0.8614,26.634,27.773321,7.1866,90.416,5.86,277.4888,110.45,1.3138409324928437,0.079,0
2019-07-10T11:33:38Z,1.726,27.1369,1.0567,0.8374,26.619,27.758554,7.1883,90.436,5.863,277.6153,109.53,1.3131371582337172,0.064,0
2019-07-10T11:33:38Z,1.735,27.1349,1.0432,0.8358,26.596,27.734339,7.1908,90.47,5.865,277.7522,108.6,1.3119955162219004,0.054,0
2019-07-10T11:33:38Z,1.741,27.1338,1.0336,0.8753,26.596,27.73432,7.1961,90.536,5.865,277.8531,107.91,1.312025487831353,0.054,0
2019-07-10T11:33:38Z,1.749,27.1333,1.0354,0.954,26.619,27.758324000000002,7.2023,90.613,5.861,277.8883,107.56,1.3132353017890737,0.063,0
2019-07-10T11:33:38Z,1.762,27.133,1.0386,1.0665,26.632,27.770794,7.2084,90.687,5.858,277.9197,106.93,1.313919539623389,0.078,0
2019-07-10T11:33:38Z,1.784,27.1336,1.0289,1.1205,26.621,27.7582,7.2155,90.772,5.858,277.9755,106.23,1.3133307374840104,0.094,0
2019-07-10T11:33:38Z,1.816,27.1343,1.0224,1.1153,26.598,27.732938,7.2217,90.845,5.857,277.9609,105.67,1.3121149354676667,0.109,0
2019-07-10T11:33:38Z,1.853,27.1342,1.0294,1.1023,26.587,27.719126,7.2251,90.882,5.856,278.0006,105.22,1.3115451033408898,0.12,0
2019-07-10T11:33:38Z,1.887,27.1328,1.0442,1.0284,26.587,27.718087,7.2276,90.91,5.856,278.112,105.13,1.3115828893495143,0.125,0
2019-07-10T11:33:38Z,1.918,27.1296,1.0623,0.91,26.59,27.720365,7.23,90.935,5.857,278.1023,105.13,1.311825912733479,0.124,0
2019-07-10T11:33:38Z,1.949,27.1256,1.0748,0.8513,26.617,27.746666,7.2304,90.937,5.858,278.0556,104.97,1.3133392546490648,0.117,0
2019-07-10T11:33:38Z,1.981,27.1223,1.0834,0.8763,26.652,27.782321,7.2295,90.923,5.861,278.0636,104.77,1.3152499772771058,0.108,0
2019-07-10T11:33:38Z,2.009,27.1196,1.0793,0.949,26.642,27.770797,7.2287,90.911,5.863,278.1133,104.5,1.3148032224665491,0.098,0
2019-07-10T11:33:38Z,2.032,27.1172,1.0508,1.0097,26.608,27.734217,7.2271,90.889,5.864,278.1401,104.24,1.3130995887894532,0.086,0
2019-07-10T11:33:38Z,2.052,27.115,1.0253,1.0524,26.595,27.720696,7.2236,90.844,5.866,278.13,104.01,1.3124831226331726,0.073,0
2019-07-10T11:33:38Z,2.069,27.1128,1.0224,1.1057,26.608,27.734207,7.2203,90.802,5.869,278.0764,103.66,1.3132194263655836,0.061,0
2019-07-10T11:33:38Z,2.083,27.1113,1.0245,1.0646,26.643,27.770684,7.22,90.799,5.873,277.9226,103.34,1.315081548261768,0.053,0
2019-07-10T11:33:38Z,2.092,27.1103,1.0246,0.9489,26.652,27.781074,7.2225,90.832,5.874,277.9053,103.12,1.3155771974196517,0.05,0
2019-07-10T11:33:38Z,2.099,27.1098,1.0236,0.8859,26.607,27.732949,7.2243,90.852,5.874,278.039,102.75,1.3132490561115793,0.053,0
2019-07-10T11:33:38Z,2.108,27.1098,1.0126,0.8595,26.574,27.69635,7.2229,90.829,5.874,278.076,101.94,1.311531843229059,0.061,0
2019-07-10T11:33:38Z,2.123,27.1099,0.9957,0.8925,26.599,27.719222,7.22,90.781,5.872,278.0954,100.74,1.312829772626739,0.071,0
2019-07-10T11:33:38Z,2.145,27.1111,0.9833,0.9901,26.637,27.755707,7.2174,90.739,5.871,278.1872,99.566,1.3147740570342838,0.081,0
2019-07-10T11:33:38Z,2.172,27.112,0.9763,1.0556,26.639,27.756832,7.2149,90.703,5.871,278.2397,98.45,1.3148531720123062,0.088,0
2019-07-10T11:33:38Z,2.2,27.1077,0.9709,1.0616,26.618,27.732817,7.2135,90.681,5.872,278.2995,97.416,1.313877659141686,0.093,0
2019-07-10T11:33:38Z,2.226,27.099,0.9797,1.064,26.611,27.719111,7.2153,90.681,5.874,278.4809,96.704,1.3137509782581398,0.094,0
2019-07-10T11:33:38Z,2.248,27.0921,1.0135,1.085,26.625,27.717992,7.2193,90.686,5.875,278.5392,96.12,1.3146682970430763,0.093,0
2019-07-10T11:33:38Z,2.268,27.0907,1.0407,1.0855,26.644,27.719265,7.2235,90.681,5.875,278.4886,95.488,1.315695556143043,0.091,0
2019-07-10T11:33:38Z,2.29,27.092,1.0399,1.07,26.675,27.734471,7.227,90.671,5.875,278.5578,95.014,1.317273610323463,0.09,0
2019-07-10T11:33:38Z,2.314,27.0819,1.0292,1.0936,26.735,27.774928,7.2302,90.649,5.875,278.6866,94.734,1.3206752240316666,0.091,0
2019-07-10T11:33:38Z,2.337,27.048,1.0068,1.0759,26.81,27.827742,7.2307,90.578,5.875,278.8417,94.511,1.325517493852464,0.091,0
2019-07-10T11:33:38Z,2.361,27.0086,0.9861,0.9543,26.872,27.865442,7.2242,90.417,5.876,279.0567,94.307,1.3298414163825694,0.091,0
2019-07-10T11:33:38Z,2.386,26.9806,0.979,0.8684,26.938,27.913494,7.2107,90.186,5.876,279.3076,94.114,1.3340643397424166,0.09,0
2019-07-10T11:33:38Z,2.409,26.9442,0.9721,0.8574,27.063,28.028032,7.1942,89.935,5.877,279.4657,93.884,1.3416116677847756,0.089,0
2019-07-10T11:33:38Z,2.43,26.8915,0.9983,0.9189,27.217,28.171734,7.1749,89.645,5.877,279.5919,93.592,1.351150327284553,0.087,0
2019-07-10T11:33:38Z,2.451,26.8385,1.0535,1.0222,27.321,28.255166,7.1515,89.283,5.878,279.8013,93.287,1.3580997318075985,0.084,0
2019-07-10T11:33:38Z,2.473,26.7991,1.0848,1.0573,27.371,28.275425,7.1262,88.875,5.879,280.0186,93.077,1.3618429953107203,0.082,0
2019-07-10T11:33:38Z,2.494,26.778,1.0997,1.0815,27.419,28.289743,7.098,88.422,5.88,280.3265,92.974,1.3649645334202958,0.081,0
2019-07-10T11:33:38Z,2.513,26.7545,1.2325,1.1176,27.465,28.301338,7.068,87.944,5.878,280.6846,92.906,1.3680527940651652,0.082,0
2019-07-10T11:33:38Z,2.532,26.708,1.486,1.134,27.487,28.288669,7.0373,87.46,5.876,280.9068,92.751,1.3705426977608117,0.082,0
2019-07-10T11:33:38Z,2.552,26.6466,1.6239,1.1486,27.494,28.263402,7.0015,86.922,5.876,281.1198,92.286,1.3726761570128632,0.081,0
2019-07-10T11:33:38Z,2.576,26.5835,1.6257,1.1303,27.508,28.249562,6.9596,86.322,5.877,281.281,91.566,1.3752326263142864,0.08,0
2019-07-10T11:33:38Z,2.599,26.5168,1.5859,1.11,27.53,28.248184,6.9138,85.688,5.878,281.3072,90.964,1.3783219912742173,0.076,0
2019-07-10T11:33:38Z,2.618,26.4502,1.5155,1.0994,27.548,28.246712,6.8671,85.053,5.88,281.3512,90.425,1.3812050206832862,0.066,0
2019-07-10T11:33:38Z,2.636,26.3902,1.4763,1.1008,27.543,28.231727,6.8216,84.46,5.884,281.3817,89.737,1.3826849285972218,0.047,0
2019-07-10T11:33:38Z,2.653,26.3385,1.4682,1.1266,27.495,28.193876,6.7789,83.961,5.886,281.4188,89.336,1.3816460941247735,0.027,0
2019-07-10T11:33:38Z,2.661,26.2971,1.3735,1.1164,27.44,28.169751,6.7421,83.596,5.883,281.6275,89.801,1.379933774049482,0.014,0
2019-07-10T11:33:38Z,2.652,26.2574,1.1987,1.1084,27.43,28.193864,6.7203,83.421,5.878,281.9267,90.942,1.3805586295086394,0.013,0
2019-07-10T11:33:38Z,2.634,26.2286,1.1058,1.1287,27.454,28.231699,6.7218,83.477,5.873,282.1962,91.812,1.3826732323678506,0.023,0
2019-07-10T11:33:38Z,2.628,26.2447,1.1003,1.0996,27.479,28.246563,6.7421,83.698,5.869,282.563,91.772,1.3835316664803696,0.038,0
2019-07-10T11:33:38Z,2.646,26.3225,1.1148,1.0511,27.505,28.246671,6.7684,83.952,5.868,282.9195,91.042,1.3826425170286314,0.054,0
2019-07-10T11:33:38Z,2.681,26.4048,1.2803,1.0674,27.517,28.232956,6.7899,84.145,5.868,283.0655,90.342,1.380882898664682,0.068,0
2019-07-10T11:33:38Z,2.716,26.4265,1.5851,1.1002,27.507,28.207593,6.8046,84.285,5.87,283.124,90.252,1.3797227452118377,0.073,0
2019-07-10T11:33:38Z,2.739,26.401,1.7576,1.1193,27.496,28.193763,6.8163,84.422,5.873,283.1967,90.665,1.379880665830506,0.064,0
2019-07-10T11:33:38Z,2.75,26.3432,1.7789,1.1344,27.49,28.192628,6.826,84.558,5.877,283.256,91.342,1.3812430001168234,0.047,0
2019-07-10T11:33:38Z,2.754,26.2847,1.7984,1.1199,27.483,28.193873,6.8315,84.649,5.88,283.324,92.202,1.3825754221231426,0.03,0
2019-07-10T11:33:38Z,2.752,26.2593,1.8461,1.1069,27.492,28.208838,6.8268,84.605,5.881,283.5036,92.98,1.3837941629022128,0.02,0
2019-07-10T11:33:38Z,2.75,26.2561,1.8795,1.1088,27.53,28.246684,6.8079,84.37,5.881,283.7934,93.379,1.3859058171777558,0.022,0
2019-07-10T11:33:38Z,2.754,26.2693,1.8902,1.1099,27.565,28.270795,6.7859,84.065,5.88,283.9884,93.436,1.3873783936586077,0.034,0
2019-07-10T11:33:38Z,2.762,26.2909,1.9237,1.1202,27.565,28.246556000000002,6.775,83.863,5.878,284.1403,93.3,1.3867464992670315,0.051,0
2019-07-10T11:33:38Z,2.774,26.2999,1.9805,1.1347,27.552,28.207361,6.774,83.779,5.876,284.4253,92.645,1.3857934651163522,0.07,0
2019-07-10T11:33:38Z,2.799,26.3013,2.013,1.1215,27.542,28.177514,6.7777,83.771,5.876,284.6804,91.364,1.3852215990684105,0.087,0
2019-07-10T11:33:38Z,2.833,26.286,1.9957,1.0919,27.527,28.139442,6.788,83.835,5.877,284.9024,90.025,1.384871766387847,0.097,0
2019-07-10T11:33:38Z,2.863,26.2309,1.8762,1.0709,27.555,28.127675,6.804,83.919,5.878,285.2166,88.851,1.3879698343492546,0.1,0
2019-07-10T11:33:38Z,2.89,26.1749,1.6858,1.0645,27.638,28.162068,6.8173,83.946,5.879,285.5537,87.582,1.3940280471636741,0.097,0
2019-07-10T11:33:38Z,2.915,26.1476,1.5923,1.0806,27.682,28.174533,6.8186,83.873,5.879,285.8815,86.357,1.3971749571481633,0.089,0
2019-07-10T11:33:38Z,2.936,26.1236,1.596,1.1021,27.67,28.151434,6.8074,83.706,5.88,286.0823,85.483,1.3972440927357328,0.082,0
2019-07-10T11:33:38Z,2.951,26.0426,1.5912,1.1273,27.667,28.13655,6.7915,83.476,5.88,286.1745,84.726,1.399479561349296,0.079,0
2019-07-10T11:33:38Z,2.965,25.9245,1.5697,1.1549,27.682,28.121451,6.7755,83.199,5.88,286.3941,83.691,1.4037873321061962,0.076,0
2019-07-10T11:33:38Z,2.984,25.8641,1.5692,1.1417,27.692,28.095722,6.7576,82.879,5.88,286.6729,82.428,1.4061224332825832,0.073,0
2019-07-10T11:33:38Z,3.01,25.8666,1.5861,1.0984,27.708,28.079185,6.7364,82.532,5.881,286.8778,81.312,1.4069046870856474,0.072,0
2019-07-10T11:33:38Z,3.032,25.8585,1.5921,1.0911,27.708,28.048348,6.7168,82.206,5.882,287.0647,80.504,1.407146175216977,0.073,0
2019-07-10T11:33:38Z,3.046,25.7918,1.6416,1.0857,27.675,27.976606,6.7005,81.903,5.883,287.2121,79.747,1.4073693938976117,0.074,0
2019-07-10T11:33:38Z,3.059,25.7162,1.7506,1.0662,27.66,27.909594,6.6818,81.538,5.884,287.2836,78.818,1.408826325673997,0.074,0
2019-07-10T11:33:38Z,3.077,25.6647,1.8176,1.0844,27.686,27.872485,6.6551,81.041,5.884,287.3268,77.75,1.4117695361703142,0.071,0
2019-07-10T11:33:38Z,3.099,25.6106,1.827,1.109,27.719,27.845051,6.6161,80.405,5.883,287.4762,76.633,1.4151742931706355,0.07,0
2019-07-10T11:33:38Z,3.122,25.5482,1.8214,1.1344,27.746,27.831576,6.5652,79.677,5.883,287.7127,75.61,1.4185138103216068,0.07,0
2019-07-10T11:33:38Z,3.141,25.4581,1.81,1.1616,27.775,27.836377,6.5087,78.93,5.883,287.9492,74.885,1.4228108300976745,0.071,0
2019-07-10T11:33:38Z,3.154,25.3308,1.8115,1.1429,27.795,27.839624,6.4552,78.237,5.883,288.2709,74.369,1.4277711056466755,0.072,0
2019-07-10T11:33:38Z,3.166,25.2057,1.83,1.1057,27.774,27.807366,6.4096,77.653,5.883,288.5051,73.676,1.4304591719489375,0.074,0
2019-07-10T11:33:38Z,3.185,25.1341,1.8868,1.0726,27.737,27.763557,6.3738,77.202,5.881,288.6306,72.789,1.4306426245147903,0.077,0
2019-07-10T11:33:38Z,3.21,25.1046,1.969,1.0366,27.74,27.75403,6.3538,76.928,5.88,288.8416,71.944,1.43171164578478,0.082,0
2019-07-10T11:33:38Z,3.235,25.0724,2.009,1.0309,27.699,27.692157,6.3488,76.814,5.881,289.0777,71.215,1.4304666718090475,0.086,0
2019-07-10T11:33:38Z,3.259,25.0464,2.0237,1.0693,27.564,27.522979,6.3528,76.774,5.882,289.3346,70.604,1.4239044542920367,0.087,0
2019-07-10T11:33:38Z,3.281,25.0482,2.121,1.1408,27.467,27.358005,6.3649,76.746,5.883,289.6236,70.064,1.4185618626761187,0.085,0
2019-07-10T11:33:38Z,3.301,25.0249,2.2832,1.2069,27.487,27.283459,6.3804,76.687,5.883,289.9053,69.545,1.4203624906297398,0.081,0
2019-07-10T11:33:38Z,3.32,24.983,2.3638,1.2462,27.552,27.255932,6.3906,76.573,5.883,290.1589,69.003,1.4251901066496524,0.078,0
2019-07-10T11:33:38Z,3.34,24.9472,2.3675,1.2882,27.582,27.215362,6.3946,76.441,5.879,290.3672,68.383,1.4279267056986924,0.073,0
2019-07-10T11:33:38Z,3.359,24.8198,2.31,1.3215,27.593,27.173495,6.3946,76.306,5.877,290.6167,67.657,1.4324522192077696,0.068,0
2019-07-10T11:33:38Z,3.377,24.617,2.1886,1.321,27.595,27.130306,6.3888,76.12,5.879,290.939,66.91,1.4388476789315674,0.065,0
2019-07-10T11:33:38Z,3.393,24.4381,2.1221,1.3147,27.58,27.07376,6.3762,75.861,5.883,291.2527,66.256,1.4436031566659975,0.067,0
2019-07-10T11:33:38Z,3.405,24.3175,2.1218,1.3112,27.546,26.997268,6.3612,75.571,5.887,291.5712,65.653,1.445502976319346,0.072,0
2019-07-10T11:33:38Z,3.416,24.2328,2.1239,1.3102,27.499,26.903251,6.3468,75.279,5.891,291.7774,64.871,1.4455586018205113,0.079,0
2019-07-10T11:33:38Z,3.436,24.15,2.1139,1.3367,27.473,26.825124,6.3298,74.945,5.895,291.8532,63.869,1.4467203529183914,0.087,0
2019-07-10T11:33:38Z,3.466,24.076,2.0879,1.3361,27.453,26.75043,6.3183,74.665,5.898,291.9716,62.88,1.447941000202099,0.094,0
2019-07-10T11:33:38Z,3.498,24.0011,2.0685,1.3031,27.398,26.63446,6.3254,74.59,5.899,292.0896,62.015,1.4472414699434297,0.099,0
2019-07-10T11:33:38Z,3.525,23.9132,2.0701,1.3306,27.332,26.501355,6.344,74.63,5.9,292.248,61.289,1.446335535690894,0.1,0
2019-07-10T11:33:38Z,3.549,23.8184,2.0387,1.3737,27.316,26.40979,6.363,74.658,5.901,292.5105,60.708,1.448441498661884,0.096,0
2019-07-10T11:33:38Z,3.571,23.7178,1.9745,1.3659,27.336,26.351963,6.3743,74.593,5.902,292.855,60.159,1.452758066517857,0.091,0
2019-07-10T11:33:38Z,3.593,23.6056,1.9531,1.3678,27.362,26.309587,6.3707,74.377,5.903,293.0572,59.586,1.4578002397008514,0.086,0
2019-07-10T11:33:38Z,3.615,23.4785,1.9625,1.363,27.386,26.277975,6.356,74.065,5.904,293.0621,59.056,1.4632315887189264,0.083,0
2019-07-10T11:33:38Z,3.635,23.3357,1.9491,1.3743,27.378,26.223416,6.3355,73.706,5.904,293.1726,58.536,1.4673879865325792,0.081,0
2019-07-10T11:33:38Z,3.655,23.1881,1.9117,1.4715,27.355,26.157375,6.3102,73.299,5.903,293.3609,57.946,1.4708708596598428,0.079,0
2019-07-10T11:33:38Z,3.675,23.0611,1.8833,1.555,27.358,26.113823,6.281,72.843,5.903,293.5315,57.305,1.475179213432088,0.077,0
2019-07-10T11:33:38Z,3.695,22.9649,1.8739,1.5648,27.373,26.077404,6.2507,72.365,5.902,293.6861,56.679,1.479182507699144,0.077,0
2019-07-10T11:33:38Z,3.714,22.8855,1.8504,1.4918,27.38,26.03416,6.2241,71.931,5.901,293.8545,56.119,1.48219053600296,0.077,0
2019-07-10T11:33:38Z,3.732,22.8062,1.799,1.3606,27.351,25.971522,6.2024,71.591,5.901,294.0183,55.554,1.4831435328774363,0.078,0
2019-07-10T11:33:38Z,3.751,22.7239,1.7643,1.2884,27.294,25.890962,6.1864,71.342,5.902,294.1178,54.948,1.4825918771540132,0.079,0
2019-07-10T11:33:38Z,3.773,22.6339,1.7602,1.3075,27.273,25.821351,6.1818,71.163,5.902,294.2836,54.408,1.4843597310317367,0.079,0
2019-07-10T11:33:38Z,3.795,22.5235,1.7402,1.33,27.292,25.764176,6.1839,71,5.902,294.5604,53.934,1.4891138278305516,0.079,0
2019-07-10T11:33:38Z,3.815,22.4574,1.7054,1.2972,27.307,25.707056,6.18,70.777,5.902,294.7969,53.483,1.4921791701522256,0.078,0
2019-07-10T11:33:38Z,3.835,22.4487,1.6942,1.239,27.302,25.638131,6.1685,70.487,5.901,294.9929,53.096,1.4921805276002946,0.077,0
2019-07-10T11:33:38Z,3.854,22.357,1.6997,1.2164,27.298,25.565109,6.1532,70.14,5.901,295.1228,52.779,1.4950127150131474,0.075,0
2019-07-10T11:33:38Z,3.872,22.1848,1.7031,1.2529,27.327,25.521877,6.1351,69.76,5.903,295.0778,52.483,1.5024771586499994,0.075,0
2019-07-10T11:33:38Z,3.89,22.0557,1.736,1.2544,27.355,25.495945,6.1124,69.374,5.904,295.1362,52.137,1.508471211098267,0.075,0
2019-07-10T11:33:38Z,3.909,21.9572,1.7933,1.1694,27.342,25.441805,6.0856,68.968,5.906,295.3986,51.736,1.511060050476174,0.075,0
2019-07-10T11:33:38Z,3.929,21.8255,1.8156,1.1094,27.33,25.37473,6.0592,68.531,5.91,295.5831,51.321,1.5148508924300292,0.074,0
2019-07-10T11:33:38Z,3.949,21.674,1.8234,1.1188,27.349,25.319245,6.034,68.07,5.913,295.7327,50.873,1.521161102057481,0.074,0
2019-07-10T11:33:38Z,3.968,21.5849,1.9403,1.1847,27.384,25.278331,6.0032,67.545,5.914,295.9166,50.39,1.526292133837455,0.074,0
2019-07-10T11:33:38Z,3.986,21.5384,2.1439,1.2844,27.442,25.260565,5.9649,66.943,5.914,296.0863,49.91,1.5313187905995636,0.075,0
2019-07-10T11:33:38Z,4.004,21.4295,2.2483,1.3084,27.486,25.231223,5.9269,66.352,5.914,296.2362,49.437,1.5377066012490608,0.077,0
2019-07-10T11:33:38Z,4.023,21.282,2.2744,1.2776,27.501,25.177212,5.8923,65.806,5.915,296.3521,48.946,1.543761077921448,0.078,0
2019-07-10T11:33:38Z,4.044,21.1479,2.4948,1.2401,27.505,25.114919,5.8594,65.284,5.915,296.4546,48.446,1.5487230571914183,0.078,0
2019-07-10T11:33:38Z,4.066,21.0187,2.8848,1.1495,27.501,25.048893,5.8296,64.807,5.916,296.5288,47.945,1.553059711365114,0.078,0
2019-07-10T11:33:38Z,4.087,20.8922,3.0882,1.068,27.525,25.013174,5.8028,64.376,5.917,296.6478,47.46,1.5589964930716669,0.077,0
2019-07-10T11:33:38Z,4.106,20.7694,3.1334,1.0404,27.569,25.000158,5.7787,63.987,5.917,296.7746,47.062,1.566031000116939,0.075,0
2019-07-10T11:33:38Z,4.124,20.6477,3.4916,1.0451,27.573,24.954885,5.7625,63.697,5.917,296.8573,46.741,1.5706549971967179,0.074,0
2019-07-10T11:33:38Z,4.141,20.5319,4.1421,1.0918,27.571,24.909769,5.757,63.539,5.916,296.9595,46.441,1.5747249641875931,0.074,0
2019-07-10T11:33:38Z,4.158,20.4288,4.4871,1.1147,27.601,24.89865,5.7586,63.469,5.914,297.0631,46.15,1.580286004359316,0.076,0
2019-07-10T11:33:38Z,4.176,20.3338,4.4989,1.0921,27.626,24.88384,5.7645,63.447,5.913,297.1641,45.85,1.585271001889857,0.08,0
2019-07-10T11:33:38Z,4.198,20.2444,4.4062,1.0803,27.64,24.857517,5.7731,63.453,5.912,297.3197,45.555,1.5894012577738552,0.081,0
2019-07-10T11:33:38Z,4.222,20.1664,4.2421,1.0704,27.649,24.834075,5.7821,63.48,5.91,297.5677,45.25,1.5928213508230462,0.08,0
2019-07-10T11:33:38Z,4.246,20.0994,4.1528,1.0704,27.686,24.854103,5.7875,63.508,5.907,297.7539,44.915,1.597551904114075,0.074,0
2019-07-10T11:33:38Z,4.268,20.0349,4.1423,1.0474,27.742,24.90935,5.7844,63.486,5.908,297.8499,44.562,1.6033634622419466,0.06,0
2019-07-10T11:33:38Z,4.285,19.9594,4.1318,1.0215,27.749,24.931135,5.7746,63.414,5.91,297.9546,44.199,1.606605706865436,0.041,0
2019-07-10T11:33:38Z,4.295,19.8903,4.0432,1.0535,27.718,24.927221,5.7646,63.359,5.91,297.9879,43.869,1.6072899251304686,0.024,0
2019-07-10T11:33:38Z,4.295,19.8684,3.8852,1.0738,27.687,24.925497,5.7594,63.361,5.908,297.9945,43.624,1.6062090748249798,0.011,0
2019-07-10T11:33:38Z,4.285,19.8859,3.7913,1.0697,27.658,24.910324,5.7603,63.395,5.905,298.1205,43.402,1.6037786103633935,0.003,0
2019-07-10T11:33:38Z,4.275,19.9115,3.7667,1.0693,27.626,24.87065,5.7646,63.419,5.904,298.3931,42.954,1.6008648483889325,0.002,0
2019-07-10T11:33:38Z,4.277,19.9562,3.7088,1.0683,27.601,24.826405,5.7698,63.427,5.903,298.6231,42.343,1.5976728847133477,0.007,0
2019-07-10T11:33:38Z,4.286,20.0208,3.6024,1.0913,27.619,24.819394,5.7759,63.44,5.903,298.7498,41.967,1.5963759362058447,0.016,0
2019-07-10T11:33:38Z,4.292,20.0456,3.5384,1.1168,27.677,24.84928,5.7835,63.472,5.903,298.8927,41.787,1.5989970423551751,0.021,0
2019-07-10T11:33:38Z,4.3,20.0128,3.5248,1.1149,27.715,24.870548,5.79,63.514,5.906,299.0604,41.552,1.6025363704725377,0.017,0
2019-07-10T11:33:38Z,4.313,19.9691,3.4378,1.1342,27.728,24.886211,5.7908,63.53,5.909,299.2293,41.429,1.6049587210048357,0.008,0
2019-07-10T11:33:38Z,4.318,19.9277,3.2751,1.1534,27.735,24.9118,5.7858,63.52,5.911,299.299,41.636,1.6069324611670548,-0.002,0
2019-07-10T11:33:38Z,4.311,19.8799,3.179,1.1175,27.725,24.926223,5.7804,63.516,5.913,299.3011,42.143,1.608107679031643,-0.007,0
2019-07-10T11:33:38Z,4.296,19.8504,3.1514,1.0613,27.715,24.933762,5.7775,63.522,5.915,299.2561,42.711,1.6085994110911452,-0.01,0
2019-07-10T11:33:38Z,4.286,19.8591,3.0717,1.0303,27.716,24.939539,5.7776,63.534,5.916,299.1846,43.041,1.6083351504656174,-0.009,0
2019-07-10T11:33:38Z,4.287,19.901,2.9433,1.0712,27.709,24.93264,5.779,63.546,5.917,299.2111,43.209,1.6063388519355102,-0.003,0
2019-07-10T11:33:38Z,4.293,19.9548,2.8827,1.1295,27.693,24.913779,5.7813,63.562,5.918,299.3181,43.385,1.6033515682262247,0.005,0
2019-07-10T11:33:38Z,4.299,19.9874,2.8842,1.1121,27.69,24.901793,5.7859,63.591,5.918,299.446,43.525,1.6019539378835024,0.012,0
2019-07-10T11:33:38Z,4.303,19.9896,2.8835,1.0252,27.717,24.914574000000002,5.7905,63.616,5.918,299.553,43.585,1.6035222745760476,0.015,0
2019-07-10T11:33:38Z,4.307,19.9828,2.953,0.9305,27.75,24.941437,5.7905,63.61,5.918,299.6649,43.585,1.6057930768370299,0.013,0
2019-07-10T11:33:38Z,4.31,19.9831,3.0906,0.8847,27.775,24.972838,5.7837,63.555,5.919,299.7661,43.59,1.6073103673073525,0.01,0
2019-07-10T11:33:38Z,4.312,19.9633,3.1611,0.8651,27.766,24.977078,5.7758,63.497,5.92,299.7442,43.612,1.6074994825821314,0.01,0
2019-07-10T11:33:38Z,4.312,19.932,3.1637,0.8579,27.706,24.929282,5.7728,63.479,5.92,299.7444,43.633,1.6049969606439038,0.014,0
2019-07-10T11:33:38Z,4.312,19.9275,3.1572,0.8629,27.614,24.839007,5.7751,63.488,5.92,299.9406,43.641,1.599534153065256,0.021,0
2019-07-10T11:33:38Z,4.315,19.9465,3.1508,0.8599,27.506,24.710219,5.785,63.523,5.919,300.224,43.606,1.5922222312274774,0.031,0
2019-07-10T11:33:38Z,4.325,19.9787,3.1568,0.8545,27.43,24.577363,5.8038,63.578,5.915,300.504,43.504,1.586387280472134,0.046,0
2019-07-10T11:33:38Z,4.34,19.9915,3.1514,0.83,27.444,24.501276,5.823,63.584,5.908,300.6581,43.319,1.5867704660236088,0.062,0
2019-07-10T11:33:38Z,4.356,19.9851,3.0242,0.859,27.535,24.487922,5.8327,63.472,5.903,300.7971,42.985,1.5925658298489294,0.076,0
2019-07-10T11:33:38Z,4.379,19.9404,2.7973,0.9756,27.623,24.47921,5.8321,63.264,5.901,301.0657,42.43,1.5996038938005213,0.085,0
2019-07-10T11:33:38Z,4.409,19.8106,2.6802,1.0603,27.677,24.45926,5.8251,63.034,5.902,301.2382,41.799,1.6077566139126263,0.087,0
2019-07-10T11:33:38Z,4.438,19.636,2.6828,1.0967,27.697,24.436928,5.8169,62.853,5.903,301.3339,41.314,1.6155507787349337,0.084,0
2019-07-10T11:33:38Z,4.46,19.4575,2.6903,1.022,27.675,24.399445,5.8159,62.801,5.903,301.4492,41.009,1.620949363967094,0.079,0
2019-07-10T11:33:38Z,4.476,19.2915,2.6846,0.8774,27.674,24.386645,5.8301,62.927,5.904,301.5134,40.767,1.627211357689032,0.071,0
2019-07-10T11:33:38Z,4.488,19.1637,2.6834,0.8562,27.721,24.409022,5.8582,63.186,5.904,301.5935,40.449,1.6350374747143732,0.061,0
2019-07-10T11:33:38Z,4.501,19.093,2.6929,0.8963,27.755,24.416238,5.894,63.521,5.905,301.7303,40.002,1.639884705652889,0.051,0
2019-07-10T11:33:38Z,4.518,19.074,2.7222,0.9041,27.77,24.410433,5.9377,63.948,5.906,301.8768,39.546,1.6415557838605446,0.046,0
2019-07-10T11:33:38Z,4.531,19.0637,2.7677,0.885,27.776,24.402245,5.985,64.425,5.909,302.0742,39.221,1.642329060913832,0.044,0
2019-07-10T11:33:38Z,4.538,19.025,2.8013,0.8616,27.761,24.380658,6.0249,64.837,5.911,302.3092,38.963,1.6428904473112995,0.045,0
2019-07-10T11:33:38Z,4.544,18.9755,2.8165,0.851,27.721,24.339715,6.0539,65.135,5.912,302.4821,38.644,1.6423062275635916,0.046,0
2019-07-10T11:33:38Z,4.554,18.9462,2.8218,0.8222,27.678,24.287806,6.0741,65.316,5.913,302.5291,38.259,1.6407488645701076,0.048,0
2019-07-10T11:33:38Z,4.569,18.9174,2.8391,0.8087,27.677,24.260486,6.0882,65.404,5.914,302.5339,37.849,1.6418025742936657,0.052,0
2019-07-10T11:33:38Z,4.586,18.9036,2.8696,0.8189,27.721,24.263102,6.0969,65.414,5.914,302.6269,37.416,1.6450970019635507,0.057,0
2019-07-10T11:33:38Z,4.602,18.9063,2.8867,0.8147,27.756,24.255956,6.1001,65.357,5.915,302.7928,37.031,1.6471866968774262,0.059,0
2019-07-10T11:33:38Z,4.618,18.8777,2.8994,0.8236,27.778,24.237462,6.0985,65.249,5.915,303.0773,36.707,1.6496811413433032,0.059,0
2019-07-10T11:33:38Z,4.633,18.8282,3.0395,0.8273,27.816,24.229752,6.0924,65.087,5.916,303.3994,36.388,1.654001485470307,0.058,0
2019-07-10T11:33:38Z,4.647,18.7629,3.3066,0.8278,27.858,24.226111,6.0818,64.878,5.918,303.5904,36.12,1.659204063259383,0.058,0
2019-07-10T11:33:38Z,4.661,18.6874,3.4587,0.8616,27.854,24.193393,6.0658,64.638,5.918,303.6654,35.914,1.6619235337560203,0.057,0
2019-07-10T11:33:38Z,4.675,18.6266,3.4566,0.8757,27.834,24.151289,6.047,64.381,5.918,303.7025,35.692,1.6630597609890239,0.054,0
2019-07-10T11:33:38Z,4.69,18.5507,3.2979,0.8022,27.874,24.161053,6.0254,64.093,5.918,303.781,35.447,1.6685913814380533,0.049,0
2019-07-10T11:33:38Z,4.705,18.4666,3.0229,0.6935,27.925,24.184542,5.9995,63.768,5.92,303.8409,35.292,1.6751656915246176,0.044,0
2019-07-10T11:33:38Z,4.717,18.4198,2.8794,0.6425,27.943,24.181532,5.9721,63.433,5.923,303.9109,35.27,1.6781758308865709,0.04,0
2019-07-10T11:33:38Z,4.723,18.3851,2.8726,0.6442,27.969,24.188057,5.9457,63.116,5.923,304.0253,35.24,1.6812157814105109,0.036,0
2019-07-10T11:33:38Z,4.728,18.3308,2.9155,0.6813,27.987,24.199986,5.9225,62.861,5.925,304.1057,35.121,1.684539028428839,0.031,0
2019-07-10T11:33:38Z,4.737,18.2962,2.9981,0.7643,27.972,24.198893,5.9029,62.68,5.926,304.3664,35.004,1.6849750303759565,0.03,0
2019-07-10T11:33:38Z,4.746,18.2683,3.0479,0.8604,27.92,24.174857,5.8884,62.575,5.923,304.8549,34.927,1.6827844824124838,0.036,0
2019-07-10T11:33:38Z,4.752,18.2255,3.0585,0.8935,27.83,24.0997,5.8848,62.542,5.919,305.3654,34.889,1.6787665944241297,0.051,0
2019-07-10T11:33:38Z,4.758,18.2201,3.108,0.8033,27.691,23.924523,5.8965,62.539,5.917,305.9786,34.834,1.6701211043015616,0.071,0
2019-07-10T11:33:38Z,4.772,18.2415,3.1965,0.6546,27.577,23.706013,5.9163,62.47,5.915,306.5051,34.514,1.6620052335731554,0.091,0
2019-07-10T11:33:38Z,4.802,18.2965,3.2346,0.6028,27.649,23.614293,5.9292,62.25,5.914,306.6546,33.866,1.6644038409715645,0.108,0
2019-07-10T11:33:38Z,4.844,18.3365,3.2314,0.6357,27.844,23.639975,5.9242,61.875,5.915,306.6673,33.138,1.6752124553520407,0.119,0
2019-07-10T11:33:38Z,4.887,18.2418,3.2448,0.6599,28.034,23.699186,5.8998,61.389,5.917,306.8306,32.545,1.6911153282696039,0.125,0
2019-07-10T11:33:38Z,4.922,18.0012,3.4051,0.7319,28.268,23.822617,5.8705,60.918,5.918,307.167,32.164,1.7158943177616424,0.124,0
2019-07-10T11:33:38Z,4.947,17.688,3.704,0.85,28.489,23.927044,5.8617,60.643,5.918,307.4643,31.83,1.743159125545248,0.118,0
2019-07-10T11:33:38Z,4.969,17.4162,3.877,0.9075,28.496,23.8199,5.8891,60.671,5.917,307.7582,31.39,1.755098567841988,0.11,0
2019-07-10T11:33:38Z,4.994,17.243,3.9449,0.9032,28.396,23.605379,5.943,60.93,5.916,308.1397,30.915,1.7559438508926606,0.104,0
2019-07-10T11:33:38Z,5.022,17.1408,4.4199,0.8633,28.404,23.489852,5.9995,61.234,5.916,308.3772,30.447,1.7608337937175023,0.099,0
2019-07-10T11:33:38Z,5.051,17.0189,5.2768,0.8188,28.382,23.374422,6.036,61.385,5.918,308.4786,29.962,1.7646196492603226,0.094,0
2019-07-10T11:33:38Z,5.078,16.8021,5.7479,0.8248,28.213,23.161088,6.0349,61.203,5.919,308.5911,29.512,1.762813669509648,0.088,0
2019-07-10T11:33:38Z,5.1,16.5505,5.7902,0.8694,28.018,22.940178,5.9962,60.67,5.92,308.7911,29.162,1.7607527225647381,0.081,0
2019-07-10T11:33:38Z,5.116,16.3298,5.7185,0.9321,27.909,22.796581,5.9377,59.954,5.922,309.0906,28.814,1.7630541027867868,0.075,0
2019-07-10T11:33:38Z,5.131,16.16,5.5751,0.9935,27.847,22.693421,5.8817,59.27,5.922,309.2867,28.403,1.7662968812230748,0.073,0
2019-07-10T11:33:38Z,5.146,16.0356,5.4953,1.0217,27.777,22.580832,5.8482,58.807,5.923,309.3554,27.982,1.7670301446171859,0.076,0
2019-07-10T11:33:38Z,5.164,15.9302,5.5002,1.0434,27.773,22.513529,5.8553,58.734,5.923,309.4047,27.534,1.7713808113199572,0.082,0
2019-07-10T11:33:38Z,5.186,15.835,5.5996,1.0272,27.853,22.513889,5.9206,59.241,5.922,309.453,27.02,1.7809793815454265,0.091,0
2019-07-10T11:33:38Z,5.212,15.745,5.7602,0.9566,27.935,22.521674,6.0541,60.439,5.921,309.5947,26.504,1.790525193029674,0.101,0
2019-07-10T11:33:38Z,5.24,15.6519,5.8385,0.9106,27.962,22.480729,6.255,62.289,5.921,309.7418,26.016,1.7965138179592148,0.108,0
2019-07-10T11:33:38Z,5.27,15.5305,5.8694,0.8969,27.957,22.399335,6.5041,64.579,5.92,309.8545,25.518,1.8016197342435567,0.112,0
2019-07-10T11:33:38Z,5.302,15.4036,6.1074,0.9872,27.932,22.2986,6.7666,66.977,5.92,310.0119,25.063,1.8056321318588335,0.115,0
2019-07-10T11:33:38Z,5.332,15.3106,6.5312,1.1834,27.925,22.214095,7.0149,69.222,5.921,310.1819,24.694,1.8093605871572815,0.117,0
2019-07-10T11:33:38Z,5.359,15.2072,6.7635,1.3025,28.012,22.202074,7.2295,71.117,5.922,310.3607,24.292,1.8200355440909122,0.119,0
2019-07-10T11:33:38Z,5.387,15.0586,6.7919,1.3132,28.135,22.216586,7.3916,72.481,5.921,310.453,23.783,1.835329668110926,0.119,0
2019-07-10T11:33:38Z,5.42,14.9087,6.8396,1.3127,28.212,22.199182,7.4962,73.284,5.921,310.437,23.275,1.847606317108412,0.12,0
2019-07-10T11:33:38Z,5.453,14.773,7.3058,1.3617,28.282,22.181838,7.5526,73.632,5.922,310.5112,22.851,1.858814068865131,0.121,0
2019-07-10T11:33:38Z,5.483,14.6275,8.1634,1.4473,28.383,22.197088,7.5721,73.641,5.924,310.6632,22.433,1.8727210316547995,0.12,0
2019-07-10T11:33:38Z,5.514,14.4756,8.6331,1.5285,28.449,22.1932,7.567,73.433,5.925,310.6402,21.957,1.8845777531372456,0.118,0
2019-07-10T11:33:38Z,5.546,14.3347,8.6076,1.59,28.433,22.134768,7.5529,73.165,5.925,310.4905,21.541,1.8902177563542042,0.113,0
2019-07-10T11:33:38Z,5.575,14.2078,7.7771,1.699,28.395,22.061395,7.5417,72.934,5.926,310.5732,21.255,1.893660312016367,0.111,0
2019-07-10T11:33:38Z,5.599,14.0962,6.2471,1.8955,28.474,22.067153,7.5379,72.742,5.926,310.9524,20.984,1.9046566654890411,0.111,0
2019-07-10T11:33:38Z,5.624,13.9943,5.4109,2,28.742,22.204314,7.5375,72.542,5.925,311.3754,20.681,1.928654204272377,0.112,0
2019-07-10T11:33:38Z,5.651,13.9153,5.3044,2.0129,29.077,22.387706,7.5296,72.257,5.924,311.645,20.379,1.9564105026281098,0.116,0
2019-07-10T11:33:38Z,5.681,13.8546,4.9855,2.1492,29.407,22.571851,7.5106,71.884,5.923,311.7161,20.023,1.9830079844928825,0.121,0
2019-07-10T11:33:38Z,5.715,13.758,4.416,2.3377,29.674,22.718106,7.4863,71.494,5.921,311.8047,19.601,2.007050255176555,0.126,0
2019-07-10T11:33:38Z,5.751,13.6278,4.1058,2.4237,29.803,22.760529,7.4583,71.078,5.921,312.0287,19.204,2.023059671405597,0.128,0
2019-07-10T11:33:38Z,5.785,13.4909,4.0442,2.4676,29.896,22.767572,7.415,70.499,5.92,312.2728,18.858,2.0369278928195382,0.125,0
2019-07-10T11:33:38Z,5.818,13.3644,3.6108,2.5741,30.028,22.803186,7.3328,69.55,5.92,312.4331,18.508,2.0531591515056795,0.117,0
2019-07-10T11:33:38Z,5.851,13.2735,2.8108,2.728,30.104,22.810474,7.1935,68.1,5.92,312.6769,18.197,2.0635166664403224,0.11,0
2019-07-10T11:33:38Z,5.879,13.19,2.3651,2.8207,30.293,22.919063,6.9926,66.114,5.919,313.0689,18.048,2.0817458326714586,0.108,0
2019-07-10T11:33:38Z,5.897,13.0771,2.2964,2.8751,30.742,23.22803,6.7363,63.62,5.917,313.3014,18.019,2.1206601547001003,0.111,0
2019-07-10T11:33:38Z,5.912,12.9565,2.1103,3.0255,31.074,23.437963,6.4441,60.772,5.915,313.5088,17.853,2.1516819473133117,0.114,0
2019-07-10T11:33:38Z,5.942,12.8712,1.788,3.1977,31.122,23.427465,6.1374,57.781,5.914,313.7696,17.408,2.1600058497068244,0.111,0
2019-07-10T11:33:38Z,5.987,12.8238,1.607,3.2528,31.07,23.354777,5.8316,54.833,5.914,313.874,16.89,2.158851782296639,0.106,0
2019-07-10T11:33:38Z,6.031,12.7839,1.5871,3.2649,30.879,23.193396,5.5393,52.05,5.914,313.8249,16.642,2.1470290428371963,0.101,0
2019-07-10T11:33:38Z,6.054,12.7183,1.5819,3.2793,30.561,22.935147,5.2528,49.324,5.915,313.6924,16.702,2.1272580374983083,0.096,0
2019-07-10T11:33:38Z,6.059,12.6237,1.5189,3.3282,30.377,22.769565,4.9408,46.349,5.915,313.5615,16.742,2.1189375223581717,0.086,0
2019-07-10T11:33:38Z,6.069,12.5662,1.4059,3.43,30.247,22.650258,4.59,43.022,5.916,313.4466,16.546,2.1125165652911293,0.076,0
2019-07-10T11:33:38Z,6.092,12.5562,1.3512,3.494,29.99,22.444058,4.2205,39.539,5.917,313.4226,16.266,2.0940574858211196,0.071,0
2019-07-10T11:33:38Z,6.118,12.5284,1.3426,3.5455,29.832,22.306173,3.8631,36.165,5.918,313.5295,16.082,2.0838940503724452,0.075,0
2019-07-10T11:33:38Z,6.138,12.4715,1.3192,3.7891,29.889,22.315116,3.5469,33.163,5.919,313.706,15.923,2.091234501438184,0.083,0
2019-07-10T11:33:38Z,6.156,12.4288,1.2939,4.2115,29.996,22.361858,3.3049,30.86,5.918,313.9223,15.714,2.1015223434293127,0.088,0
2019-07-10T11:33:38Z,6.176,12.4215,1.2804,4.4254,30.118,22.427281,3.174,29.609,5.917,314.1662,15.467,2.110981704720024,0.092,0
2019-07-10T11:33:38Z,6.199,12.3979,1.2761,4.4094,30.301,22.535239,3.1728,29.565,5.914,314.3322,15.163,2.125890308383846,0.101,0
2019-07-10T11:33:38Z,6.226,12.3255,1.2861,4.5758,30.597,22.715687,3.2938,30.646,5.909,314.3802,14.807,2.1519962467083813,0.113,0
2019-07-10T11:33:38Z,6.255,12.2634,1.314,4.9291,31.247,23.150106,3.5071,32.573,5.903,314.488,14.428,2.2040760237588475,0.127,0
2019-07-10T11:33:38Z,6.288,12.2341,1.3278,5.1088,32.096,23.728029,3.7599,34.858,5.898,314.6899,13.98,2.269360125910032,0.138,0
2019-07-10T11:33:38Z,6.329,12.19,1.3309,5.1424,32.607,24.057685,3.9889,36.92,5.894,314.9283,13.454,2.310376450868498,0.147,0
2019-07-10T11:33:38Z,6.372,12.1228,1.3612,5.4012,32.794,24.154504,4.1361,38.229,5.891,315.2201,12.954,2.328562334892038,0.154,0
2019-07-10T11:33:38Z,6.412,12.0435,1.3984,5.8453,32.903,24.200826,4.1529,38.34,5.891,315.5497,12.505,2.341681124631362,0.156,0
2019-07-10T11:33:38Z,6.452,11.9597,1.4074,6.0546,32.989,24.23712,4.0113,36.998,5.891,315.8163,12.08,2.3533944864311853,0.152,0
2019-07-10T11:33:38Z,6.493,11.8838,1.4271,6.0314,33.074,24.276113,3.7009,34.11,5.891,316.0343,11.71,2.36458490045981,0.145,0
2019-07-10T11:33:38Z,6.533,11.8206,1.759,5.9257,33.21,24.35508,3.228,29.73,5.89,316.2933,11.431,2.378891201085047,0.139,0
2019-07-10T11:33:38Z,6.566,11.7697,2.3506,5.7267,33.513,24.557518,2.629,24.198,5.889,316.3653,11.226,2.4051762639968355,0.135,0
2019-07-10T11:33:38Z,6.594,11.7298,2.6505,5.5919,34.162,25.010963,1.962,18.048,5.887,316.1304,11.043,2.457234918088427,0.133,0
2019-07-10T11:33:38Z,6.623,11.696,2.688,5.5735,35.592,26.031335,1.2876,11.836,5.885,315.6911,10.853,2.5688685499694834,0.133,0
2019-07-10T11:33:38Z,6.657,11.665,2.8824,5.6357,38.271,27.94952,0.6671,6.128,5.882,315.0976,10.603,2.7770417975066617,0.136,0
2019-07-10T11:33:38Z,6.695,11.637,4.9739,6.6385,41.596,30.31169,0.1568,1.443,5.881,314.2894,10.268,3.0365818545762076,0.143,0
2019-07-10T11:33:38Z,6.734,11.6073,8.8164,8.5545,44.048,32.003412,-0.2203,-2.007,5.881,313.1455,9.9096,3.230046109697707,0.149,0
2019-07-10T11:33:38Z,6.771,11.5724,10.9169,9.5981,45.034,32.603362,-0.4693,-4.272,5.88,311.7636,9.5566,3.310199071183358,0.153,0
2019-07-10T11:33:38Z,6.811,11.5253,11.1407,9.6875,45.129,32.552173,-0.601,-5.457,5.878,310.1441,9.1676,3.3218215163799165,0.152,0
2019-07-10T11:33:38Z,6.855,11.4514,11.5667,9.9625,44.983,32.336301,-0.6385,-5.782,5.877,308.276,8.7509,3.3169329973275374,0.148,0
2019-07-10T11:33:38Z,6.896,11.3373,12.3304,10.4657,44.948,32.214318,-0.6105,-5.516,5.873,306.3842,8.4119,3.324344652114964,0.143,0
2019-07-10T11:33:38Z,6.93,11.1966,12.7531,10.7576,45.076,32.219486,-0.5405,-4.873,5.868,304.9951,8.169,3.347070000989862,0.138,0
2019-07-10T11:33:38Z,6.96,11.0566,12.75,10.8046,45.256,32.271778,-0.4513,-4.061,5.863,304.2132,7.8992000000000004,3.3740199794441526,0.129,0
2019-07-10T11:33:38Z,6.992,10.9344,12.2235,10.8691,45.796,32.592661,-0.361,-3.243,5.859,303.4699,7.5786,3.4282322165564993,0.122,0
2019-07-10T11:33:38Z,7.026,10.8297,11.2512,10.9801,47.053,33.433725,-0.2739,-2.458,5.856,302.7194,7.3336,3.538627564087592,0.122,0
2019-07-10T11:33:38Z,7.054,10.734,10.7132,11.001,48.722,34.57137,-0.1926,-1.726,5.851,302.0223,7.1681,3.6821659505154614,0.128,0
2019-07-10T11:33:38Z,7.078,10.6475,10.6082,10.925,50.539,35.812272,-0.125,-1.119,5.846,301.2354,6.877,3.837853254077127,0.136,0
2019-07-10T11:33:38Z,7.11,10.577,10.016,10.0943,52.311,37.012537,-0.0694,-0.621,5.841,300.433,6.3744,3.9892950385701926,0.144,0
2019-07-10T11:33:38Z,7.154,10.5249,8.9459,8.5596,54.041,38.166062,-0.0204,-0.182,5.836,299.8059,5.7706,4.1362042566568356,0.151,0
2019-07-10T11:33:38Z,7.201,10.4764,8.3599,7.7719,55.922,39.412359,0.0203,0.18,5.831,299.5041,5.1258,4.2958764812187225,0.157,0
2019-07-10T11:33:38Z,7.246,10.4304,8.176,7.6164,57.622,40.527557,0.0528,0.469,5.826,299.1929,4.5016,4.441180330383798,0.162,0
2019-07-10T11:33:38Z,7.286,10.3831,6.671,6.5813,59.563,41.809571,0.0808,0.718,5.821,298.4517,3.9946,4.607292423146728,0.165,0
2019-07-10T11:33:38Z,7.322,10.3144,3.9133,4.7926,62.705,43.929092,0.1052,0.933,5.816,297.4262,3.58,4.876974679447228,0.168,0
2019-07-10T11:33:38Z,7.359,10.2365,2.3953,3.8511,66.732,46.661031,0.1251,1.107,5.81,296.2572,3.1616,5.224267205839365,0.172,0
2019-07-10T11:33:38Z,7.404,10.1642,2.2491,3.7833,70.382,49.122446,0.1425,1.26,5.804,294.2992,2.7147,5.542097645560865,0.178,0
2019-07-10T11:33:38Z,7.455,10.0964,2.2406,3.7771,72.768,50.699223,0.1573,1.388,5.799,290.5287,2.3286,5.754540577870182,0.182,0
2019-07-10T11:33:38Z,7.508,10.0292,2.2233,3.7101,73.852,51.371073,0.1665,1.467,5.793,284.8266,2.0619,5.857369795230967,0.18,0
2019-07-10T11:33:38Z,7.558,9.9611,2.1873,3.5636,74.637,51.846466,0.1711,1.506,5.787,278.2686,1.8765,5.935319801590159,0.17,0
2019-07-10T11:33:38Z,7.605,9.8953,2.1777,3.4801,77.402,53.715577,0.1743,1.533,5.784,272.1534,1.7418,6.18285941766169,0.153,0
2019-07-10T11:33:38Z,7.645,9.8333,2.1861,3.4866,81.549,56.562775,0.1778,1.563,5.782,267.0715,1.665,6.550559757190677,0.137,0
2019-07-10T11:33:38Z,7.671,9.7749,2.1324,3.4454,83.825,58.12647,0.1799,1.582,5.778,262.9409,1.6364,6.758144816098565,0.125,0
2019-07-10T11:33:38Z,7.689,9.7248,2.0221,3.3753,84.679,58.707846,0.1806,1.587,5.774,259.6379,1.6081,6.841664747735291,0.119,0
2019-07-10T11:33:38Z,7.712,9.6925,1.9543,3.3595,85.426,59.207526,0.1811,1.592,5.77,256.9911,1.5599,6.912754227564291,0.118,0
2019-07-10T11:33:38Z,7.744,9.6754,1.928,3.3534,85.676,59.338569,0.1828,1.606,5.766,254.771,1.5,6.937791123598647,0.123,0
2019-07-10T11:33:38Z,7.782,9.6674,1.8337,3.2035,85.678,59.275539,0.1842,1.617,5.761,253.101,1.4325,6.939498952704449,0.134,0
2019-07-10T11:33:38Z,7.82,9.6641,1.6728,2.956,85.595,59.144382,0.1827,1.602,5.756,251.6837,1.3649,6.932900321884605,0.146,0
2019-07-10T11:33:38Z,7.856,9.6576,1.5864,2.8523,85.633,59.08716,0.181,1.585,5.752,249.7657,1.3036,6.93745559579511,0.154,0
2019-07-10T11:33:38Z,7.894,9.6328,1.5782,2.867,86.233,59.409694,0.1795,1.57,5.748,247.549,1.2441,6.99454213276002,0.155,0
2019-07-10T11:33:38Z,7.938,9.5905,1.5302,2.8711,87.76,60.375024,0.1768,1.544,5.747,245.5307,1.1846,7.136206605608435,0.152,0
2019-07-10T11:33:38Z,7.983,9.5488,1.439,2.869,90.118,61.92535,0.1746,1.523,5.746,243.6032,1.1341,7.351204588650633,0.146,0
2019-07-10T11:33:38Z,8.022,9.5008,1.3944,2.8743,92.17,63.283046,0.173,1.509,5.745,241.7102,1.088,7.54156031614957,0.138,0
2019-07-10T11:33:38Z,8.054,9.444,1.3992,2.87,93.004,63.825297,0.1724,1.503,5.744,239.8498,1.0439,7.627079591188352,0.127,0
2019-07-10T11:33:38Z,8.082,9.3922,1.3582,2.8505,93.688,64.286768,0.1724,1.502,5.744,237.8006,1.0069,7.69857718170037,0.116,0
2019-07-10T11:33:38Z,8.11,9.3525,1.2715,2.8355,95.171,65.303023,0.1716,1.495,5.744,235.7766,0.96494,7.8385429083447535,0.106,0
2019-07-10T11:33:38Z,8.135,9.3239,1.227,2.8512,96.406,66.133136,0.1697,1.479,5.744,234.1339,0.91437,7.954490476510565,0.1,0
2019-07-10T11:33:38Z,8.157,9.3051,1.219,2.8767,97.001,66.505047,0.167,1.455,5.744,232.4802,0.86748,8.01158412293032,0.097,0
2019-07-10T11:33:38Z,8.18,9.3048,1.2173,2.8489,97.236,66.621279,0.1633,1.422,5.744,230.5808,0.82936,8.032560641877946,0.096,0
2019-07-10T11:33:38Z,8.205,9.3104,1.2154,2.7775,96.969,66.394189,0.1603,1.395,5.743,228.806,0.80039,8.007547703002679,0.097,0
2019-07-10T11:33:38Z,8.231,9.3009,1.2051,2.7022,96.341,65.920631,0.158,1.375,5.741,227.455,0.77628,7.9538006275859265,0.102,0
2019-07-10T11:33:38Z,8.255,9.2797,1.2051,2.6585,95.573,65.345261,0.1544,1.342,5.74,226.2915,0.74081,7.890188186671727,0.109,0
2019-07-10T11:33:38Z,8.28,9.2548,1.2156,2.6427,95.103,64.967681,0.153,1.328,5.738,224.9763,0.68404,7.85385784496223,0.115,0
2019-07-10T11:33:38Z,8.312,9.2322,1.2619,2.6751,94.922,64.78783,0.1546,1.342,5.737,223.7711,0.62437,7.842703030322929,0.119,0
2019-07-10T11:33:38Z,8.348,9.2114,1.3409,2.7884,94.489,64.441917,0.1556,1.35,5.737,222.7326,0.57887,7.808711974927988,0.123,0
2019-07-10T11:33:38Z,8.383,9.1856,1.3901,2.8651,93.856,63.963396,0.1546,1.34,5.737,221.5397,0.53806,7.757980549948432,0.127,0
2019-07-10T11:33:38Z,8.414,9.1539,1.4062,2.8481,93.267,63.514951,0.1542,1.336,5.737,220.1883,0.50225,7.7123981932249865,0.131,0
2019-07-10T11:33:38Z,8.444,9.1229,1.3885,2.8781,92.991,63.278339,0.1563,1.353,5.737,218.8683,0.46013,7.694492271869362,0.134,0
2019-07-10T11:33:38Z,8.476,9.0974,1.3491,2.9986,93.134,63.327108,0.1566,1.354,5.738,217.3678,0.39745,7.712728598952958,0.135,0
2019-07-10T11:33:38Z,8.513,9.0732,1.3371,3.0927,93.409,63.468967,0.1537,1.329,5.738,215.554,0.33742,7.742488678863971,0.133,0
2019-07-10T11:33:38Z,8.553,9.0477,1.3383,3.1316,93.65,63.595174,0.1498,1.294,5.739,213.974,0.28947,7.7695393179728995,0.13,0
2019-07-10T11:33:38Z,8.59,9.0219,1.3206,3.141,93.954,63.772504,0.1456,1.258,5.74,212.8905,0.25611,7.802331542962164,0.126,0
2019-07-10T11:33:38Z,8.62,8.9956,1.2964,3.1074,94.452,64.087559,0.1427,1.232,5.741,211.9179,0.232,7.852656153327066,0.121,0
2019-07-10T11:33:38Z,8.643,8.97,1.2803,3.0535,94.968,64.417055,0.1392,1.202,5.742,210.8184,0.19988,7.904534453804884,0.116,0
2019-07-10T11:33:38Z,8.667,8.9493,1.2732,3.0464,95.239,64.578279,0.1345,1.161,5.743,209.6633,0.17357,7.933431979042455,0.112,0
2019-07-10T11:33:38Z,8.697,8.9348,1.3146,3.0868,95.363,64.638499,0.1327,1.146,5.744,208.5338,0.15688,7.947786108017809,0.112,0
2019-07-10T11:33:38Z,8.728,8.9237,1.399,3.1162,95.487,64.700191,0.1336,1.153,5.745,207.487,0.13843,7.961392750235407,0.118,0
2019-07-10T11:33:38Z,8.757,8.9135,1.4527,3.1069,95.593,64.752099,0.1326,1.144,5.746,206.4707,0.12803,7.973191107664676,0.125,0
2019-07-10T11:33:38Z,8.786,8.9012,1.461,3.0727,95.718,64.821137,0.1308,1.129,5.746,205.5383,0.12539,7.987175519841039,0.13,0
2019-07-10T11:33:38Z,8.821,8.8885,1.4127,3.03,95.951,64.962837,0.1307,1.127,5.747,204.6452,0.12364,8.010971272725259,0.13,0
2019-07-10T11:33:38Z,8.86,8.8765,1.3277,3.0163,96.416,65.257633,0.1308,1.127,5.748,203.6742,0.1235,8.055507351158186,0.129,0
2019-07-10T11:33:38Z,8.898,8.8654,1.284,3.0713,97.029,65.652145,0.1312,1.13,5.75,202.8322,0.12357,8.113218201525662,0.125,0
2019-07-10T11:33:38Z,8.93,8.8586,1.2829,3.1385,97.449,65.918853,0.1311,1.129,5.751,202.1227,0.12364,8.152613389589666,0.12,0
2019-07-10T11:33:38Z,8.956,8.8514,1.2874,3.1407,97.596,66.00325,0.1291,1.113,5.751,201.2895,0.12361,8.167513187680024,0.112,0
2019-07-10T11:33:38Z,8.982,8.8397,1.2787,3.0972,97.667,66.036895,0.1281,1.103,5.752,200.3297,0.12358,8.176600137399562,0.106,0
2019-07-10T11:33:38Z,9.007,8.8282,1.2633,3.0713,97.645,66.007787,0.1281,1.103,5.753,199.4659,0.12362,8.17725516844727,0.105,0
2019-07-10T11:33:38Z,9.031,8.8197,1.2581,3.0571,97.515,65.905558,0.1269,1.093,5.754,198.675,0.12364,8.167474691154691,0.109,0
2019-07-10T11:33:38Z,9.056,8.8124,1.2591,3.0565,97.502,65.881492,0.1243,1.07,5.755,197.7361,0.1236,8.167975272301534,0.116,0
2019-07-10T11:33:38Z,9.084,8.8045,1.284,3.0633,97.662,65.971071,0.1227,1.056,5.756,196.6315,0.12357,8.184231950530817,0.121,0
2019-07-10T11:33:38Z,9.12,8.7972,1.3251,3.0417,98.068,66.225811,0.1233,1.061,5.756,195.5584,0.12353,8.222579805198464,0.123,0
2019-07-10T11:33:38Z,9.16,8.7909,1.3401,3.0256,98.94,66.800166,0.1213,1.043,5.757,194.7418,0.12352,8.30285658204771,0.124,0
2019-07-10T11:33:38Z,9.196,8.7833,1.3356,3.0321,100.104,67.575644,0.1163,1,5.758,193.9846,0.12355,8.409970345069937,0.125,0
2019-07-10T11:33:38Z,9.221,8.7733,1.3054,3.0541,100.995,68.164133,0.1142,0.981,5.76,193.0282,0.12353,8.493070209131048,0.127,0
2019-07-10T11:33:38Z,9.244,8.7624,1.2433,3.0946,101.446,68.448216,0.1157,0.995,5.76,192.0405,0.12351,8.536577969030446,0.131,0
2019-07-10T11:33:38Z,9.274,8.7544,1.2093,3.1296,101.798,68.658173,0.1181,1.015,5.759,191.1621,0.12353,8.570440620087773,0.135,0
2019-07-10T11:33:38Z,9.314,8.7514,1.2151,3.1169,102.048,68.795397,0.1192,1.024,5.759,190.3237,0.12356,8.593854613563758,0.136,0
2019-07-10T11:33:38Z,9.357,8.7463,1.1921,3.0718,102.057,68.772247,0.1191,1.024,5.76,189.475,0.12363,8.595900145561485,0.131,0
2019-07-10T11:33:38Z,9.401,8.7354,1.1302,3.0763,102.067,68.759697,0.1186,1.019,5.762,188.73,0.12368,8.599440833283321,0.119,0
2019-07-10T11:33:38Z,9.437,8.7218,1.0904,3.105,102.382,68.961516,0.1195,1.026,5.763,188.1129,0.12364,8.631357724555178,0.102,0
2019-07-10T11:33:38Z,9.455,8.7048,1.084,3.0917,102.906,69.305086,0.1222,1.049,5.764,187.4342,0.12355,8.683153972306433,0.085,0
2019-07-10T11:33:38Z,9.461,8.6885,1.0882,2.9811,103.185,69.480553,0.1215,1.043,5.766,186.7182,0.12354,8.712542497436463,0.069,0
2019-07-10T11:33:38Z,9.469,8.6794,1.089,2.7832,103.033,69.366453,0.1159,0.995,5.767,186.0817,0.12364,8.700934238240405,0.055,0
2019-07-10T11:33:38Z,9.484,8.6764,1.0842,2.6648,102.689,69.133493,0.1128,0.968,5.77,185.3312,0.12364,8.670345412720245,0.046,0
2019-07-10T11:33:38Z,9.502,8.6732,1.0826,2.6316,102.594,69.079826,0.1139,0.977,5.772,184.4404,0.12355,8.66247568169398,0.043,0
2019-07-10T11:33:38Z,9.515,8.6657,1.0791,2.6443,103.264,69.54409,0.1135,0.975,5.773,183.5708,0.12351,8.72533310344249,0.046,0
2019-07-10T11:33:38Z,9.522,8.6584,1.0758,2.7521,104.759,70.550635,0.1102,0.946,5.774,182.8181,0.12354,8.863463533467304,0.051,0
2019-07-10T11:33:38Z,9.527,8.6575,1.0853,2.8532,106.321,71.585522,0.10780000000000001,0.926,5.775,182.3092,0.12355,9.006331772314246,0.061,0
2019-07-10T11:33:38Z,9.537,8.664,1.0989,2.8845,107.181,72.137776,0.10780000000000001,0.926,5.776,181.9779,0.12357,9.083286182770859,0.075,0
2019-07-10T11:33:38Z,9.557,8.6731,1.1106,2.934,107.32,72.204601,0.108,0.927,5.775,181.6523,0.12356,9.093660995048454,0.09,0
2019-07-10T11:33:38Z,9.59,8.6745,1.1317,3.0246,107.257,72.139131,0.1075,0.922,5.775,181.383,0.12351,9.08753779958693,0.105,0
2019-07-10T11:33:38Z,9.627,8.6639,1.1537,3.0963,107.334,72.1728,0.1062,0.91,5.775,181.2172,0.12351,9.097289279903203,0.115,0
2019-07-10T11:33:38Z,9.66,8.6501,1.1612,3.112,107.539,72.293729,0.1052,0.901,5.776,180.7666,0.12358,9.119581514540123,0.118,0
2019-07-10T11:33:38Z,9.69,8.6376,1.1615,3.0837,107.813,72.456676,0.1059,0.908,5.776,179.8926,0.12366,9.147876296450235,0.114,0
2019-07-10T11:33:38Z,9.72,8.6254,1.148,3.0819,108.083,72.616837,0.107,0.917,5.776,178.9953,0.12361,9.175751921610859,0.108,0
2019-07-10T11:33:38Z,9.745,8.6182,1.1116,3.0904,108.328,72.767665,0.108,0.926,5.777,178.2637,0.12347,9.200063707106104,0.103,0
2019-07-10T11:33:38Z,9.765,8.6129,1.0854,3.0546,108.698,73.008529,0.1086,0.931,5.777,177.6711,0.12341,9.23535712102657,0.101,0
2019-07-10T11:33:38Z,9.788,8.6003,1.082,3.0106,109.336,73.43062,0.1072,0.918,5.778,177.1644,0.12345,9.297173957270331,0.103,0
2019-07-10T11:33:38Z,9.814,8.5892,1.1049,3.049,110.096,73.928481,0.1057,0.905,5.779,176.612,0.1235,9.369875965388472,0.108,0
2019-07-10T11:33:38Z,9.843,8.584,1.1461,3.1907,110.713,74.322297,0.1049,0.898,5.78,175.9822,0.12355,9.427949999418228,0.114,0
2019-07-10T11:33:38Z,9.875,8.5801,1.1642,3.2823,111.206,74.630968,0.1042,0.892,5.78,175.4,0.12353,9.474316869601658,0.119,0
2019-07-10T11:33:38Z,9.909,8.5794,1.1588,3.2719,111.767,74.989598,0.1044,0.894,5.781,174.8209,0.12352,9.526109626348907,0.121,0
2019-07-10T11:33:38Z,9.941,8.5745,1.1504,3.2621000000000002,112.421,75.41504,0.1049,0.898,5.781,174.1426,0.12355,9.58762863566576,0.12,0
2019-07-10T11:33:38Z,9.971,8.5633,1.1488,3.2948,113.061,75.831928,0.1052,0.9,5.781,173.5661,0.12358,9.649625145911736,0.118,0
2019-07-10T11:33:38Z,10,8.5525,1.1564,3.3068,113.649,76.214238,0.1053,0.901,5.782,173.185,0.12359,9.70678606718418,0.113,0
2019-07-10T11:33:38Z,10.029,8.5444,1.1561,3.2753,114.245,76.603135,0.106,0.907,5.784,172.805,0.12359,9.764001925767163,0.109,0
2019-07-10T11:33:38Z,10.056,8.5392,1.1368,3.275,114.811,76.972383,0.1072,0.917,5.786,172.3267,0.12359,9.817695930460197,0.107,0
2019-07-10T11:33:38Z,10.081,8.534,1.1134,3.3027,115.327,77.307879,0.1062,0.909,5.786,171.7898,0.12357,9.866810261818038,0.105,0
2019-07-10T11:33:38Z,10.107,8.5284,1.0987,3.3152,115.98,77.733839,0.1017,0.87,5.786,171.3029,0.12357,9.928739606804665,0.102,0
2019-07-10T11:33:38Z,10.135,8.5239,1.0887,3.2948,116.567,78.115519,0.0973,0.833,5.786,170.9139,0.12357,9.984302529391467,0.098,0
2019-07-10T11:33:38Z,10.161,8.5194,1.0799,3.2199,116.665,78.170013,0.0963,0.824,5.787,170.4419,0.12357,9.994638288523078,0.09,0
2019-07-10T11:33:38Z,10.186,8.5148,1.0786,3.1313,116.531,78.074694,0.0991,0.848,5.789,169.812,0.12359,9.983531126855905,0.077,0
2019-07-10T11:33:38Z,10.209,8.5099,1.0904,3.1085,116.389,77.980714,0.1053,0.901,5.79,169.0625,0.12359,9.971766181920884,0.062,0
2019-07-10T11:33:38Z,10.224,8.5044,1.1011,3.108,116.009,77.733374,0.1087,0.929,5.791,168.2632,0.12359,9.9381422594488,0.045,0
2019-07-10T11:33:38Z,10.229,8.4991,1.096,2.9936,115.744,77.564734,0.1062,0.908,5.792,167.633,0.12357,9.915106507427526,0.03,0
2019-07-10T11:33:38Z,10.23,8.4964,1.0887,2.8403,115.968,77.722644,0.1024,0.876,5.794,167.2065,0.12357,9.936594977366074,0.019,0
2019-07-10T11:33:38Z,10.23,8.4972,1.0908,2.7944,115.976,77.734515,0.1002,0.857,5.794,166.8069,0.12363,9.93711053451809,0.012,0
2019-07-10T11:33:38Z,10.23,8.5008,1.0953,2.7991,115.451,77.390227,0.0994,0.85,5.795,166.243,0.12364,9.887521672058881,0.009,0
2019-07-10T11:33:38Z,10.233,8.5057,1.1002,2.7658,115.324,77.312555,0.0954,0.815,5.797,165.5514,0.12356,9.87440512334475,0.009,0
2019-07-10T11:33:38Z,10.238,8.5083,1.1062,2.6877,115.59,77.495053,0.0888,0.759,5.799,164.8974,0.12353,9.89828027553182,0.011,0
2019-07-10T11:33:38Z,10.241,8.511,1.1082,2.6412,115.407,77.370655,0.0858,0.734,5.8,164.2718,0.12358,9.880599639313429,0.012,0
2019-07-10T11:33:38Z,10.242,8.5143,1.0975,2.6287,115.158,77.20776,0.0865,0.739,5.801,163.6665,0.1236,9.856655461193613,0.015,0
2019-07-10T11:33:38Z,10.245,8.5183,1.081,2.6017,115.383,77.370018,0.0892,0.763,5.802,163.1709,0.12359,9.876341592455875,0.023,0
2019-07-10T11:33:38Z,10.249,8.5215,1.0733,2.7087,115.928,77.742431,0.0922,0.789,5.802,162.6683,0.12359,9.925844360113151,0.036,0
2019-07-10T11:33:38Z,10.254,8.5175,1.0741,2.9398,116.539,78.148714,0.0928,0.794,5.802,161.977,0.12358,9.983499825402799,0.052,0
2019-07-10T11:33:38Z,10.267,8.5183,1.0824,3.0361,117.12,78.529614,0.0917,0.784,5.802,161.2657,0.12354,10.037055185014774,0.068,0
2019-07-10T11:33:38Z,10.293,8.5268,1.0949,3.0204,118.46,79.421952,0.092,0.786,5.802,160.6932,0.12353,10.158749859662699,0.081,0
2019-07-10T11:33:38Z,10.324,8.5304,1.1127,3.0128,121.282,81.304635,0.094,0.803,5.803,160.2169,0.12356,10.419498806440073,0.091,0
2019-07-10T11:33:38Z,10.351,8.5284,1.1332,3.0103,125.8,84.307952,0.0957,0.818,5.805,159.8959,0.12361,10.840454848186576,0.097,0
2019-07-10T11:33:38Z,10.374,8.5223,1.1431,3.022,130.694,87.549705,0.0971,0.83,5.805,159.5648,0.12361,11.299423103928342,0.096,0
2019-07-10T11:33:38Z,10.397,8.5205,1.1461,3.0234,133.011,89.067124,0.1002,0.856,5.805,158.9663,0.1236,11.517007978122875,0.091,0
2019-07-10T11:33:38Z,10.42,8.5202,1.1344,3.0278,134.991,90.373802,0.1033,0.883,5.805,158.338,0.1236,11.702850710904285,0.086,0
2019-07-10T11:33:38Z,10.443,8.509,1.114,3.0413,139.832,93.609722,0.1029,0.879,5.808,157.9042,0.1236,12.161982370140596,0.08,0
2019-07-10T11:33:38Z,10.463,8.4918,1.1079,3.0562,143.958,96.36678,0.1024,0.875,5.81,157.5077,0.1236,12.557504717096647,0.073,0
2019-07-10T11:33:38Z,10.481,8.4765,1.1048,3.0759,145.916,97.674774,0.1024,0.875,5.81,156.986,0.12359,12.748304814808007,0.065,0
2019-07-10T11:33:38Z,10.498,8.4694,1.0938,3.083,146.343,97.964669,0.1011,0.863,5.811,156.3284,0.12359,12.791328077981749,0.055,0
2019-07-10T11:33:38Z,10.512,8.4713,1.0863,3.0765,144.332,96.624529,0.0993,0.848,5.813,155.6651,0.12356,12.600170403589065,0.045,0
2019-07-10T11:33:38Z,10.521,8.4681,1.0839,3.0635,144.494,96.750803,0.0969,0.827,5.814,155.0751,0.12349,12.616644756247661,0.037,0
2019-07-10T11:33:38Z,10.526,8.4654,1.0826,3.0575,154.628,103.565464,0.0938,0.801,5.815,154.5285,0.12349,13.580388310790484,0.03,0
2019-07-10T11:33:38Z,10.531,8.4703,1.0873,3.0686,177.507,118.898247,0.0911,0.779,5.816,154.0475,0.1235,15.775594467388206,0.025,0
2019-07-10T11:33:38Z,10.537,8.4693,1.0888,3.0997,193.479,129.576834,0.0899,0.769,5.818,153.6465,0.12349,17.32838273587589,0.022,0
2019-07-10T11:33:38Z,10.543,8.4742,1.0833,3.1054,183.759,123.040524,0.0881,0.754,5.821,153.3802,0.12354,16.379650162319606,0.02,0
2019-07-10T11:33:38Z,10.549,8.4894,1.0813,3.0723,164.798,110.326109,0.0866,0.74,5.823,153.1498,0.12359,14.543307025315999,0.018,0
2019-07-10T11:33:38Z,10.554,8.4935,1.0819,3.0272,153.303,102.625649,0.088,0.751,5.823,152.7542,0.12356,13.443434189307498,0.015,0
2019-07-10T11:33:38Z,10.557,8.4845,1.0819,2.9539,148.715,99.56012,0.0919,0.784,5.824,152.2963,0.12353,13.01077246901251,0.012,0
2019-07-10T11:33:38Z,10.559,8.475,1.0819,2.9072,147.858,98.99062,0.0944,0.806,5.825,152.0876,0.12355,12.932941720265692,0.011,0
